age,weight,height
34.167,87.4,1.647
4.1667,17,1.054
16.833,72.3,1.813
11,39.8,1.478
10.083,44.7,1.436
9.6667,29.8,1.331
4.9167,17.9,1.03
17.417,74.7,1.696
7.0833,22.2,1.202
43,107.7,1.643
8.5,35.2,1.306
45.167,75.7,1.667
11.667,73.6,1.467
45,102.4,1.876
66.417,68,1.695
58.917,78.4,1.819
54.5,74.7,1.694
26.75,103.9,1.627
10.333,38.6,1.418
32.833,85.7,1.595
60.167,73.5,1.514
58.417,57.5,1.481
50.25,84.1,1.778
22.417,96.5,1.854
27.917,105.8,1.497
30.083,51.2,1.641
16.167,73.2,1.72
5.4167,16,1.056
11.667,37,1.432
35.083,60.3,1.724
4.6667,18.1,1.058
56.583,57.5,1.707
78.167,74,1.662
8.75,43.2,1.311
54.667,113.9,1.771
38.25,117.3,1.809
8.6667,40.1,1.284
54.833,77.3,1.704
27.417,114.9,1.813
6.5833,27,1.243
36.25,79.2,1.747
54.583,83.8,1.691
64.333,62.8,1.52
40.083,80.5,1.709
58.25,113.5,1.848
49.5,87.6,1.734
7.5833,27.1,1.242
51.167,82.1,1.638
17.583,72.3,1.76
12.667,57.7,1.589
28,78.2,1.753
37.667,50.7,1.548
8.5833,30,1.291
68.083,64.3,1.638
35.833,63.3,1.775
55.5,67.2,1.523
60.167,70.6,1.608
52.167,107,1.845
37.667,77.1,1.647
50.5,78.6,1.642
21.167,103.5,1.665
17.583,61.2,1.506
44.5,83.8,1.556
77.667,117.7,1.642
57,72.7,1.706
3.6667,11.6,0.899
13.75,45.1,1.576
31.75,64.9,1.497
22.833,65.2,1.606
11.917,43.4,1.538
17.083,48.7,1.584
6.5833,33.6,1.328
26.083,67.9,1.62
25.083,85.7,1.735
30.5,88.4,1.758
36.417,69.5,1.603
54.917,53.9,1.601
29.917,94.1,1.745
22.083,86.8,1.664
17.083,103.8,1.815
31.75,77.6,1.825
35.5,64.9,1.598
62.083,62.1,1.643
2.75,12.7,0.912
62.25,98.9,1.667
50.75,85.2,1.69
58.417,94,1.792
53.333,136.4,1.87
7.8333,25.5,1.296
8.9167,33.5,1.394
44.083,55,1.523
20.333,72.1,1.737
56.25,60,1.628
70.917,87.4,1.688
21.917,120.8,1.809
22.333,57.5,1.641
13.417,79.6,1.552
34.917,76.6,1.738
42.75,49.1,1.581
38.167,78.9,1.745
48.167,66.5,1.588
51.333,84.2,1.782
14.5,47.2,1.549
3.5,14.9,0.974
2.1667,13.3,0.883
19.25,56.2,1.504
50.5,97.9,1.551
43.833,136.3,1.85
52.25,83.1,1.735
27.25,66.8,1.826
75,61.2,1.699
63.75,65.1,1.708
44.333,94,1.649
15.667,87.6,1.667
3.1667,15.6,0.98
40.25,85.8,1.732
35.583,65.2,1.761
29.667,92.3,1.818
17.083,70.2,1.735
63.333,75.2,1.506
56,125.8,1.768
75.417,88.3,1.731
47.333,69.2,1.702
25,67.5,1.729
63.417,75,1.543
43.583,71.8,1.801
31.083,86.2,1.676
22.417,87.2,1.723
63.75,87.8,1.788
66.75,67.4,1.707
76.917,79.6,1.613
50.833,87.2,1.715
5.5,17.5,1.105
61.083,77.4,1.573
12.917,35.1,1.455
23.25,74.5,1.721
46.917,108.9,1.784
43.167,94.4,1.545
5.4167,18.9,1.105
33.333,151.3,1.799
21.583,80.7,1.744
64.667,92.3,1.648
9.5,35.2,1.427
55.167,86.6,1.792
24.667,60.3,1.636
18.75,70,1.699
8,22.4,1.213
7.5833,32.6,1.243
62.417,50.9,1.566
25.5,88,1.825
54.667,95.3,1.631
14.167,60.6,1.626
11.583,28.3,1.42
31.083,103,1.838
57.083,69.6,1.546
39.167,100.3,1.652
42.167,76.6,1.728
46.583,78.1,1.5
2.75,13.1,0.924
4.3333,15.7,1.059
40.167,78.9,1.589
10.667,37.5,1.478
28.917,69.9,1.669
8.6667,30.1,1.285
46.833,96.6,1.788
56,71.8,1.587
57.917,102.5,1.793
79.667,88.3,1.783
11.083,36.2,1.495
53.5,56.8,1.672
46.75,74.5,1.804
7.1667,41.8,1.302
60.667,87.7,1.624
30.833,118.5,1.638
5.3333,16.9,1.076
36,82.5,1.692
49.583,107.7,1.528
72.5,40.1,1.658
14,76.2,1.643
12.083,46.7,1.531
2.6667,12.5,0.942
62.083,75.2,1.651
44.083,75.1,1.606
49.667,136.2,1.761
6.4167,21.4,1.176
18.333,80.6,1.596
31,108.9,1.758
65.25,90.3,1.699
29.25,97.6,1.789
8.1667,39.7,1.31
43.5,72.9,1.528
77.25,91,1.732
12.5,67.2,1.517
62.417,96.5,1.825
26.25,62.3,1.731
19,81.7,1.789
39.917,119.9,1.915
57,81.5,1.624
43.417,101.7,1.746
49.583,78,1.779
38.25,98.5,1.783
47.167,91.5,1.926
26.583,84.8,1.876
66.417,143.5,1.805
72.333,89.1,1.779
40.417,82.5,1.588
41.083,104.6,1.692
17.167,73.8,1.893
60.75,77.2,1.587
30.833,73.7,1.84
65.75,101.8,1.79
72.917,49.4,1.52
68.833,74.4,1.751
52.083,109.3,1.66
35.917,82.6,1.512
68,101.4,1.674
27.75,74.1,1.711
6.6667,20.3,1.172
12.083,40.8,1.534
50.583,69.8,1.627
48.417,93.9,1.628
66.75,78.9,1.63
63.167,75.3,1.637
13.917,62.2,1.733
43.333,61.8,1.653
30,59.7,1.651
67.083,57.7,1.517
45.5,98.6,1.731
56.417,88.8,1.822
55.417,119.9,1.602
50.917,75.6,1.587
13.917,71.8,1.675
74.917,78.8,1.719
38.833,69.9,1.556
17.833,109.4,1.685
74.5,112.2,1.846
55.917,79.5,1.624
46.833,85.7,1.77
5.5833,28.5,1.202
12.417,50.2,1.596
10.917,45.2,1.448
62.25,72.6,1.605
42.583,113.9,1.76
31.25,110,1.605
70.583,92.9,1.801
12.583,43.6,1.561
12.583,51.7,1.572
73.75,117,1.598
61.083,109.8,1.766
74,64.9,1.728
48,106.3,1.829
5.0833,27.1,1.138
58.667,63.1,1.82
69.667,77.8,1.766
64.583,56.9,1.529
5.6667,44.1,1.232
40.083,115.1,1.802
44.75,62.3,1.658
49.833,94.5,1.693
14,58.3,1.645
51.083,77.5,1.567
73.25,70.9,1.639
46.917,64,1.612
12.75,47.5,1.582
39.167,130.7,1.793
65.917,69.4,1.698
48.75,50.7,1.583
42.75,58.4,1.498
67.083,88.4,1.751
40.083,56.2,1.568
38.333,79.8,1.73
63.083,68.2,1.658
64.667,59.8,1.408
48.333,92.7,1.616
11.25,36.5,1.39
13,56.9,1.581
65.583,67.8,1.755
39.25,102.8,1.733
21.25,84,1.698
17.5,64,1.542
57.333,64,1.464
2.25,11.5,0.856
6.4167,23.2,1.225
36.25,93.3,1.792
22,100.5,1.49
8.4167,22.4,1.225
5.9167,27.9,1.268
10.333,34.5,1.408
33,120.4,1.859
76.667,65.9,1.584
43.333,81.7,1.634
45.75,98.8,1.707
43.667,124.7,1.895
76.75,76.1,1.758
43.583,74.5,1.926
14.75,56.7,1.694
3.9167,18.9,1
5.9167,19.3,1.16
5,21.7,1.07
25.583,69.2,1.844
46.417,86.8,1.766
61.5,95.6,1.605
33.583,74.5,1.735
53.583,73.3,1.659
50,49.3,1.561
9.25,29.9,1.331
5.1667,13.4,1.027
20.667,94.5,1.748
54.333,85.6,1.76
9.8333,38.6,1.45
40,72.2,1.595
32.667,69.8,1.751
19.667,83.8,1.658
56.083,63,1.678
73.917,61.4,1.599
16.833,77.5,1.756
39.25,143.3,1.672
24.333,107.4,1.826
52.5,230.7,1.685
75.25,50,1.532
13.583,42.2,1.477
42.917,63.6,1.556
18.333,62.9,1.645
60.917,79.5,1.647
22.5,72.6,1.799
18,64.6,1.567
28.667,116.9,1.89
8.3333,42.9,1.327
13.417,49.1,1.68
22,62.5,1.508
51.417,49.1,1.489
56.833,73.2,1.632
17,71.2,1.805
10.417,57.8,1.463
65.417,65.1,1.647
59.083,61.3,1.669
54.833,116.7,2.016
25,71.2,1.608
18.667,59.8,1.659
57.5,121.4,1.851
9.75,55.2,1.506
17.833,86,1.627
28,73.3,1.726
36.583,60.7,1.487
22.917,160.6,1.756
49.417,115.2,1.829
31.75,115.3,1.678
62.25,71.7,1.64
46.5,96.7,1.607
11.5,94.7,1.627
28.5,106,1.637
3,14.1,0.913
59.333,84.8,1.681
24.333,86.2,1.677
47.083,54.3,1.436
2,11.9,0.809
35.75,95,1.736
55.25,88.2,1.704
20.917,62.9,1.56
8.5,47.9,1.397
27.583,56.3,1.653
14.917,58.8,1.662
35.75,128.9,1.752
54.25,67.9,1.619
24.25,78,1.695
56.5,113.1,1.744
30.583,72.7,1.836
23.917,72.4,1.796
12.833,55.2,1.58
30.583,108.1,1.798
70.583,77,1.577
21.167,61.8,1.774
7.25,21,1.188
41.333,96.2,1.494
2.75,13.4,0.927
45.083,71.4,1.764
49.417,64.1,1.506
42.333,64.2,1.544
4,17.8,1.056
65.083,86.1,1.567
2.9167,13,0.914
63.25,96.6,1.772
22.833,63.8,1.62
36.167,105.1,1.756
10.25,40.5,1.375
58.083,84.1,1.789
7.25,32.7,1.284
67.833,90.5,1.683
9.5833,41.8,1.562
46.333,43.7,1.481
3.5,14.7,1.005
19.417,63.7,1.765
42.917,65.5,1.618
20.5,88,1.619
68,125.4,1.796
17,65,1.854
54.917,63.2,1.676
8.6667,29.5,1.275
39.083,71.8,1.702
2.9167,19.2,0.938
27,99,1.893
73.667,77.8,1.517
12.833,57.5,1.561
10.833,40.8,1.474
50.583,69.3,1.635
54.333,79.7,1.748
8.1667,20.7,1.281
16.417,59,1.575
54.583,67.3,1.617
65.667,53.7,1.711
14.333,60.4,1.553
9.0833,20.5,1.261
6.6667,21.2,1.177
37.667,93.5,1.739
59.667,103,1.687
51.417,104.6,1.763
59.5,77.1,1.64
58.917,112,1.836
9.4167,59.3,1.5
64.25,54.4,1.487
68.917,57.6,1.704
15.75,74.7,1.854
17.833,71.4,1.728
63,79.1,1.798
53,92,1.685
65.833,74.9,1.663
30.333,87.3,1.784
51.917,88.8,1.691
26.5,65.9,1.625
32.417,97.3,1.838
71.667,89.4,1.635
62.75,79,1.668
29.667,49.7,1.59
72.417,81.4,1.713
78.667,68.6,1.71
15.75,67.1,1.784
11.75,39.1,1.494
64.25,61.1,1.553
64.75,77,1.653
9.6667,35.6,1.42
64,84.4,1.765
54.083,92.3,1.649
7.75,24.7,1.249
60.333,81.2,1.506
75.167,85.7,1.756
51.417,65.7,1.659
10.25,41.3,1.372
18.083,56.8,1.721
70.167,87.7,1.776
8.6667,48.5,1.426
2.0833,13,0.849
66.083,94.9,1.607
64.75,78.5,1.572
6.6667,21.7,1.197
44.5,66.9,1.605
11.75,27,1.297
48.167,58.2,1.676
76.5,88.4,1.618
20,70.1,1.858
18.083,146.7,1.868
41.333,64.1,1.752
42.167,77.7,1.709
61.167,89.1,1.75
42.583,71.7,1.63
39.917,106.1,1.885
4.0833,15.1,0.975
53.25,94.2,1.721
60.917,83.6,1.674
71.083,101.3,1.698
26,70.8,1.682
77.417,90.3,1.637
61.5,87.8,1.792
8.3333,31.6,1.277
13.25,37.6,1.4
64.417,65.1,1.649
10.5,45.3,1.453
22,55.6,1.565
36.25,101.2,1.795
44.167,73.8,1.609
58.25,93,1.619
44.917,81.5,1.697
56.25,72.5,1.608
28.25,100.1,1.765
11,46.5,1.559
5.4167,17.2,1.14
67.417,102.5,1.745
10.667,44.7,1.594
38.75,72,1.739
4.75,17,1.061
51,93.6,1.64
15.417,54.5,1.724
10,35.8,1.431
16.167,60.5,1.766
6.4167,16.9,1.086
63.667,75.6,1.654
52.5,118.5,1.609
73.667,101,1.765
60.083,91.3,1.656
58.167,98.6,1.801
56.5,73.6,1.505
66,58.7,1.59
12.333,58.4,1.621
47.667,59.7,1.636
42.333,150.6,1.826
34.5,51,1.617
14.5,53.4,1.579
71.917,90.5,1.699
19.167,80,1.815
73.667,82.9,1.714
9.9167,31.2,1.394
62.5,78,1.504
26.417,139.1,1.775
31.75,145.3,1.679
67.083,51.8,1.649
5.6667,25.7,1.134
36.583,96.8,1.709
17.667,73.7,1.546
53.167,108,1.778
13.667,72.9,1.606
33.25,86.6,1.798
52.25,62.2,1.714
35.25,51.3,1.576
64.75,102.9,1.626
34.667,80.9,1.569
38.167,77.7,1.652
26.75,48.6,1.394
71.917,79.3,1.645
34,73.4,1.814
61.75,59.4,1.642
17.167,50.7,1.597
5.5,22.3,1.151
15.583,73.6,1.786
12.417,46.9,1.538
26.25,87.8,1.724
34.083,86.6,1.687
29.167,48.1,1.588
3.75,15.9,0.992
65.667,106.3,1.742
67.917,103.1,1.842
18.417,100,1.785
44.833,81.2,1.494
17,55,1.671
67.667,67.2,1.704
7.5833,29.9,1.381
32.5,81.9,1.775
36.25,52.3,1.634
67.5,84.1,1.7
79.167,58.8,1.665
31.417,67.8,1.716
17.833,60.6,1.664
73.667,93,1.697
50.917,90.2,1.648
9.8333,56.2,1.451
46.5,160.8,1.688
40.083,81.9,1.72
11.333,78.8,1.546
39.333,61.4,1.621
55.417,90.6,1.726
68.083,61.9,1.782
12.917,76.9,1.599
50,102.1,1.614
9.4167,33.7,1.351
69.167,80.4,1.662
68.25,91.7,1.791
73.5,71.4,1.723
48.75,75.8,1.592
16.167,86.6,1.892
6.3333,23.3,1.122
43.167,131.7,1.591
50.667,76.4,1.634
9.5,30.1,1.445
22.417,79.1,1.771
19,85.3,1.85
51.167,83.6,1.784
64.333,75.2,1.667
71.583,117,1.738
35.167,90.6,1.761
10.417,46.6,1.398
12.083,50.1,1.626
9.75,47.2,1.521
40.5,56.8,1.594
5.6667,20.1,1.158
35.25,85.6,1.714
20.167,77.4,1.551
70.833,104.4,1.746
34.583,73.9,1.637
12.833,50.9,1.536
72.75,61.9,1.551
6.5,24.2,1.184
32.583,82.3,1.879
68,104.5,1.812
8.8333,39.3,1.348
36.667,100.3,1.756
41.417,100.6,1.644
13,69.3,1.54
11.25,42.5,1.536
3.6667,15.6,0.996
23.75,70.1,1.801
6.6667,53,1.341
44.75,118,1.743
27.167,91.2,1.793
37.083,53.8,1.597
61.75,60.3,1.79
24.25,69.8,1.636
37.083,68.1,1.761
9.5,26.6,1.338
42.417,74.9,1.717
17.667,73.9,1.699
10.917,35.8,1.336
16.167,58.7,1.706
8.4167,38.9,1.366
2.0833,15,0.887
49.5,64.7,1.604
46.25,74,1.721
46.25,99.3,1.773
68.583,79.1,1.649
73.417,57.9,1.615
51.75,80.7,1.949
5.4167,17.9,1.077
2.1667,13.8,0.908
10.25,41.6,1.518
44.083,62.7,1.612
35.333,79,1.715
14.417,47.4,1.665
65.833,81.9,1.815
55.417,75.1,1.562
15.583,58.5,1.558
17.167,49.1,1.609
24.083,62.3,1.566
77.417,83,1.709
66.833,80.3,1.751
46.833,131.5,1.814
56.5,94.8,1.552
78.167,114.4,1.637
53.083,59.7,1.649
42.417,76.5,1.765
22.5,74.3,1.572
5.3333,22.8,1.169
59.583,82,1.592
66.75,76.6,1.717
5.4167,16.9,1.061
69.833,83.4,1.767
15.583,47.6,1.554
20.167,59.5,1.516
21.5,50.3,1.575
55.917,58.9,1.521
13.833,48.5,1.632
22.833,101.8,1.634
72.75,92.4,1.573
21.75,116.9,1.857
4.1667,15.2,1.007
44.167,130.2,1.789
33.083,86.6,1.755
2.0833,12.3,0.883
53.833,77.9,1.644
2.0833,13.8,0.857
4.8333,18.9,1.1
66.333,63.3,1.532
23.667,69.6,1.702
63,85,1.722
22.75,70.3,1.841
64.583,85.6,1.816
52.667,160.7,1.747
5.25,18.9,1.122
39.5,115.9,1.884
43.5,93.9,1.819
39.75,67.3,1.839
59.667,60.7,1.583
13.25,70.2,1.615
65.333,100.2,1.616
26.417,62.1,1.632
15.75,76.4,1.739
30.833,72.5,1.698
7.6667,25.4,1.2
16.25,72.4,1.636
27.167,95,1.771
55.5,76.9,1.846
20.167,62.4,1.632
73.417,75.3,1.77
65.833,76.9,1.605
15.833,77.9,1.739
34.417,54,1.471
42.083,46.4,1.566
55.917,126.4,1.864
11.167,40.1,1.546
3,11.4,0.893
5,24.4,1.208
68.917,69.1,1.464
60,96,1.844
54.667,82.7,1.693
34.333,95.9,1.715
18.167,71.2,1.799
68.167,77.5,1.58
10.917,42.2,1.452
45.5,96,1.672
2.5833,12.3,0.921
39.25,91.5,1.735
63.917,85.3,1.522
72.917,62.7,1.643
51.917,86.1,1.682
21.75,77.4,1.74
6.0833,24.3,1.218
60.25,87.1,1.773
40.167,95.8,1.58
66.083,79.4,1.631
60.75,77.7,1.793
57.333,85.1,1.746
43.583,98.4,1.634
5.5833,18.5,1.097
15.333,52.4,1.597
72.917,84,1.739
29.083,117.6,1.735
30.667,91.1,1.648
6.4167,22.8,1.196
24.917,92.1,1.895
45.167,78.1,1.667
11.5,63.7,1.594
72,109.6,1.508
67.667,122.7,1.767
56.833,94.7,1.858
21.667,105.4,1.607
6.5833,24.4,1.261
24.917,56,1.661
3.0833,12.8,0.938
65.083,121.9,1.743
22.417,80.7,1.898
71.583,82.7,1.639
16.583,93.2,1.606
74.167,75.1,1.786
51.083,119.3,1.787
31.417,86.1,1.827
16.583,61.4,1.652
2.3333,12.6,0.901
52.833,103.3,1.573
30.333,71,1.704
9.6667,42.2,1.41
32.583,70.8,1.686
17.167,62,1.695
12.5,72,1.541
37.417,118.8,1.81
17,42.2,1.602
53.083,70.3,1.735
25,64.2,1.65
11.833,32,1.415
27.917,54.2,1.589
17.667,59.4,1.571
52.75,120.1,1.802
16.25,82,1.555
9.5,29.1,1.407
11,30.8,1.378
27.167,83.8,1.806
56.167,82,1.762
74.917,111.3,1.776
25.417,74.2,1.764
18.75,81.5,1.591
44.333,64.8,1.517
47,86.3,1.722
45.583,78.7,1.69
41,72.9,1.808
15.25,55.6,1.697
39.25,68.9,1.68
68.083,57.8,1.772
61.333,155.4,1.86
77.333,53.1,1.536
6.6667,39.6,1.362
59.333,67,1.695
77.417,94.3,1.732
26,63.9,1.799
4.1667,15.5,1.015
17.667,140.7,1.668
48,84.6,1.707
11.417,53.9,1.561
17.75,68.9,1.682
15.25,51.9,1.6
40.333,53.5,1.617
43.167,85.3,1.792
17.583,67.4,1.739
19.667,88.1,1.605
6,21.6,1.148
23.417,52.9,1.557
17.583,95.4,1.807
39.333,120.6,1.705
28,77,1.598
70.583,75.1,1.698
15.333,72.7,1.611
5.8333,19,1.09
18.667,81.4,1.764
19.25,104.6,1.766
42.833,79.9,1.775
47.083,75.3,1.756
7.4167,32.9,1.248
51.75,94.9,1.668
75.667,46.6,1.487
17.667,72.2,1.729
24.417,107.6,1.745
25.833,64.5,1.756
6.5,24,1.21
37.417,119.5,1.957
21.75,67.9,1.677
25.333,89.9,1.529
30.333,64.7,1.595
13.25,54.7,1.665
68.5,86,1.666
9.6667,38.7,1.468
68.333,78.2,1.834
11.75,35.9,1.489
46.167,90.5,1.652
35.25,94,1.801
31,73.6,1.601
71.583,68.8,1.698
28.167,66.8,1.567
31.25,69.1,1.851
28.583,77.6,1.596
4.1667,16.4,1.049
7.5833,26.2,1.284
32.167,69.7,1.689
22.667,64.3,1.862
70.417,98.1,1.806
49,142.1,1.822
30.833,105.1,1.804
10.333,24.4,1.288
2.75,12.9,0.9
59.333,92.9,1.607
63.25,108.4,1.769
33.333,68.7,1.609
9,29.8,1.365
51.417,84.2,1.768
13.917,63.3,1.778
55.917,105.3,1.828
20.833,94,1.75
14.167,65.4,1.693
50.417,66.4,1.688
66,107.1,1.62
43.25,60.4,1.768
34.833,53.4,1.573
50.75,99.9,1.798
4.3333,17.8,1.034
36.333,109.2,1.683
55,77.4,1.643
30.667,57.3,1.661
12.583,67.1,1.514
6.1667,23.3,1.18
27.083,57.7,1.57
40.5,126.3,1.796
49.5,62.7,1.573
59.917,96.4,1.795
43.25,54.8,1.566
76,97,1.79
16.583,61.4,1.605
60.833,168.6,1.859
77.083,71.1,1.782
43.083,60.3,1.664
75.833,90.9,1.828
2.6667,16.5,0.993
72.25,66.7,1.553
8.0833,27.5,1.285
49.917,90.7,1.665
25.333,83.4,1.637
30.167,96.4,1.527
28.333,109.6,1.765
34.75,64.3,1.635
39.833,55.5,1.661
41.75,105.8,1.955
31.833,115.1,1.671
40.583,70.8,1.638
62.75,141.1,1.823
53.583,119.1,1.783
20.833,54.9,1.681
75,67.6,1.621
38.583,96.3,1.889
65.417,85.2,1.814
5.5,17.5,1.132
54.833,78.3,1.694
40.667,77.3,1.802
58.833,72,1.674
32.75,84,1.754
24.167,81.5,1.617
9.9167,29.1,1.334
40.667,56.2,1.573
8.25,34.9,1.306
12.667,52.4,1.668
52.417,77.9,1.609
67.833,94.6,1.594
55.833,66.4,1.721
27.667,66.6,1.409
65.417,62.8,1.525
15.583,66.9,1.827
5.8333,21.9,1.169
7.75,23.7,1.281
20.083,99.5,1.65
15.833,61.3,1.694
37.333,70.2,1.643
63.167,75.1,1.611
38.833,76.2,1.772
10.75,40.4,1.504
42,95.9,1.746
15.583,66.6,1.763
8.4167,26.8,1.302
8.5,28,1.259
61.583,145.9,1.776
30.75,83.2,1.862
7.3333,21.1,1.224
59.5,118.7,1.607
18.917,70,1.61
3.3333,13.4,0.921
79.75,122.4,1.791
8.8333,28.6,1.383
7.6667,22,1.193
3.5833,15,0.98
79.75,68.8,1.665
13.833,51.7,1.664
38.25,73.3,1.791
10.083,33.6,1.437
60.083,98.2,1.738
38.417,119.4,1.713
14.417,60.9,1.667
2.5,11.9,0.89
35.083,83.7,1.824
11.083,28,1.466
22,110.9,1.921
75.333,83.8,1.722
7.4167,29.6,1.265
59.25,105.3,1.75
44.75,102.8,1.61
5.8333,27.5,1.325
6.5,20.4,1.233
41.917,106.5,1.688
51.167,137.1,1.728
50,83.7,1.674
63.417,130.6,1.899
52.333,45.6,1.6
2.9167,16.2,1.001
75.75,72.1,1.686
8.9167,34.4,1.372
47.667,115,1.911
68.833,88.6,1.623
44.833,80.3,1.757
11.917,43.3,1.489
3.3333,15.6,0.989
32,73.9,1.609
64.25,59.2,1.637
13.5,35.8,1.493
27,62.5,1.684
18,56.6,1.715
62,73.3,1.548
16.167,72.3,1.722
24.583,97.1,1.809
15.417,54.7,1.623
56.167,63.3,1.598
35.583,70.5,1.683
70.417,160.7,1.586
40.333,70.1,1.593
10.333,34.1,1.512
17,57.5,1.662
23.583,88.6,1.891
42.167,70.1,1.537
50.75,89.4,1.742
15.333,59.6,1.675
12.167,69.8,1.588
11.167,40.1,1.429
28.25,140.8,1.851
37.5,121.2,1.763
56.25,58.5,1.534
18.083,62.7,1.827
3.25,17.7,0.996
72.75,88.2,1.718
8.25,59.5,1.396
41.417,61.7,1.616
14.833,57.7,1.671
16.083,60,1.603
77.083,97.5,1.672
34.083,92.6,1.713
50.667,113.2,1.627
37.75,114,1.726
4.6667,18,1.061
78.25,102.2,1.841
35.25,66,1.628
68.75,111.9,1.567
3.25,13.5,0.927
52.417,75,1.798
17.917,52.8,1.678
23.333,49.5,1.613
19,120.4,1.813
73.583,83.9,1.553
14.917,76.5,1.588
7,27.2,1.305
7.0833,27.1,1.263
5.25,19.8,1.167
29.917,53.3,1.785
34.167,71.1,1.766
75.167,64.7,1.612
60.25,75.5,1.833
16.667,62.5,1.647
10,57.6,1.44
7.3333,21.1,1.22
57.917,62.4,1.729
17.5,77.5,1.862
17.833,62.9,1.682
3.3333,16,0.958
62,56.9,1.732
33.417,77.4,1.683
8.4167,24.1,1.234
5.0833,13.7,1.022
11.5,44.9,1.564
48.75,78.5,1.617
12.667,42.3,1.528
31,90.7,1.798
59.167,98.4,1.787
27.5,66.2,1.691
41.75,79.4,1.712
48,69.2,1.627
9.75,29.5,1.313
31.333,95,1.757
10.167,31.2,1.287
52.333,98.7,1.711
7.4167,27.5,1.306
51.667,107.2,1.649
50.75,73,1.709
41.583,66.3,1.49
35.667,72,1.628
30.5,108.5,1.813
7.8333,39.8,1.399
68.917,79.4,1.678
29.083,95.4,1.731
16.25,79,1.807
8.9167,34.5,1.369
61.083,67,1.572
13.333,62.3,1.574
39.083,87.8,1.717
71.667,86.4,1.769
41,81.8,1.665
63.333,84.1,1.641
60.5,105.3,1.622
59.5,68.7,1.554
7.4167,20.1,1.203
20.167,60,1.701
18.583,73.4,1.751
57.583,97.6,1.75
79.083,86.3,1.7
28.25,56.7,1.632
4.3333,16.6,1.074
11.5,67.8,1.495
20.75,50.8,1.641
16.667,64,1.724
15.417,100.3,1.663
68,97.2,1.801
47.583,91.8,1.665
46,94.4,1.575
14,48.8,1.695
52.25,92.5,1.765
49.5,95.6,1.721
38.333,100.3,1.647
46.583,95,1.676
63.417,100.2,1.669
9.0833,23.9,1.303
43.667,82.8,1.677
21.167,45,1.696
17.833,63.2,1.634
25.833,107.2,1.74
42.667,72.9,1.507
62.917,69.4,1.645
19.833,77.5,1.65
27.25,79.7,1.801
71.417,77.3,1.615
16.25,69,1.762
28.667,88.6,1.609
9.5833,30,1.318
75.083,111.1,1.847
37.75,71.2,1.701
3.1667,13.9,0.962
58.417,81.5,1.748
56.833,63.6,1.621
68.833,60.9,1.579
47.25,84.7,1.482
2.3333,14.7,0.926
65.333,107.4,1.832
54.75,157.3,1.556
47.75,63.9,1.623
9.3333,43.7,1.462
34.667,76.9,1.689
20.75,73.7,1.739
35.5,64.7,1.543
48.417,60.6,1.593
43.5,137.6,1.71
19.583,69.6,1.7
64.083,111.4,1.645
10.667,62.3,1.494
19,70,1.923
22.417,62.6,1.497
71,75.9,1.568
29.333,70.4,1.709
37.083,101.8,1.804
21.667,76,1.79
43.917,87.3,1.792
36.75,131.7,1.64
61.833,52,1.644
60.333,62.6,1.607
25.083,92.2,1.697
47.5,117.3,1.815
51.75,98.8,1.717
9.5833,30,1.367
3,15.7,0.912
77.583,89.4,1.662
28.5,71,1.876
2.25,14.6,0.925
51.25,97.5,1.786
10.25,31.8,1.408
38.75,91.2,1.839
63,108.2,1.719
12.167,74.2,1.614
68.25,71.3,1.759
27,52.4,1.659
46.917,76.5,1.624
39,63.8,1.724
19.5,76.5,1.764
60.5,65.7,1.652
35.5,98.4,1.681
11.167,42.7,1.491
10.25,45.7,1.458
42.167,65.1,1.575
70.417,104.1,1.766
6.5,21.1,1.175
65.083,90.4,1.713
19.167,63,1.582
48,52.1,1.626
49.417,97.8,1.643
15.25,59.6,1.669
67,61,1.559
66.667,74.4,1.626
70.833,123.7,1.814
28.333,79.4,1.727
6.3333,25.3,1.136
23.917,95.3,1.711
4.0833,19,1.043
57.75,68.5,1.518
57.333,103.2,1.787
56.75,108.5,1.611
5.9167,19,1.106
6.25,18.5,1.122
57.417,77.8,1.744
29.75,73.1,1.85
20.083,56.9,1.672
20,94,1.694
40.583,92.9,1.816
38.583,66.2,1.642
39.833,137.3,1.772
20.083,67.2,1.854
50.167,88.6,1.765
5.1667,19.9,1.146
3.0833,16.3,0.966
64.25,85.5,1.846
36.5,73.1,1.577
39.75,91.2,1.567
45.75,57.5,1.655
20.417,85.8,1.733
52.5,69.6,1.667
20.917,46.9,1.543
15.333,87.9,1.765
3.6667,17.7,0.991
60.917,88.2,1.689
56,73.7,1.699
45.5,111.3,1.691
18.083,43.7,1.541
2.9167,14.8,0.959
18.417,64.9,1.659
37.917,80.1,1.665
10.083,39.8,1.482
2.25,11.9,0.908
7.5,23.3,1.284
22.25,111.6,1.821
29,58.8,1.566
47.167,83.1,1.634
52.167,72,1.711
8.6667,32.2,1.263
46.083,65.7,1.676
30.5,96.3,1.786
11.417,64.6,1.502
20.25,56,1.738
11.083,40.2,1.386
40.417,84.3,1.712
26.583,80.7,1.828
53.583,112,1.789
42.083,89.6,1.571
32.083,45.8,1.654
3.8333,16,1.024
31.75,73.3,1.772
47.417,107.8,1.818
71.75,74.5,1.475
47.25,62.3,1.629
51.583,94,1.631
29.75,91.1,1.838
48,80,1.666
47.583,71.7,1.487
44.667,66.9,1.484
3.75,15.6,0.978
6.25,26.7,1.145
71.75,99.1,1.737
41.75,80,1.698
72.917,152,1.527
46.917,75.4,1.529
18.25,61.3,1.527
67.667,132.8,1.896
31.167,72.7,1.68
65.25,65.8,1.7
36,122.4,1.621
46.333,86.4,1.654
44,134.7,1.764
52.333,65.4,1.555
63.417,203,1.868
29.333,68.7,1.791
16,69.9,1.613
14.083,61.4,1.611
15.583,57.7,1.503
8.75,24.8,1.305
43.083,87.1,1.79
55.75,94.9,1.777
4,16.2,0.989
5.8333,15.4,1.039
61,113.7,1.663
25.833,86.8,1.647
47.583,50,1.648
3.0833,12.9,0.904
10,33.9,1.382
61.083,91.9,1.764
27.25,90.7,1.774
18.167,94.7,1.601
41.917,89.3,1.594
12.333,66.4,1.527
61.5,73.1,1.636
68.167,136.2,1.726
59.5,88.1,1.646
47.917,170,1.739
5.1667,21.7,1.1
49.917,66.6,1.729
11.917,49.1,1.705
7.8333,36.9,1.362
50.417,95.2,1.694
47.25,129.7,1.765
7.5,20.6,1.226
33.75,63.8,1.57
66.667,56.5,1.485
72.417,70.4,1.623
73.917,75.2,1.742
36,59,1.69
67.667,57.8,1.633
20.167,92.6,1.72
2.75,14.1,0.944
58.5,74.4,1.803
15.917,117.7,1.738
41.583,92.6,1.631
8,21.3,1.256
44.333,56.2,1.63
64.167,99.6,1.578
7.3333,20.2,1.185
11.833,51.7,1.525
14.75,59.3,1.652
13.25,58,1.575
16.083,94,1.728
37.167,60.9,1.592
24.667,63.3,1.71
2.6667,17.4,0.962
70.083,94.8,1.662
17.75,67,1.815
54.417,90.8,1.75
7.25,27.4,1.262
43.833,53.3,1.62
54,79.3,1.482
44.333,90,1.826
75.917,80.3,1.598
16.333,52.1,1.51
10.667,43.8,1.407
28,65.4,1.767
75,77.1,1.742
70.083,67.4,1.655
28,63.1,1.576
72.667,75.8,1.746
34.083,69.3,1.841
26.417,82.5,1.741
41.417,123.1,1.754
68.083,76.5,1.725
42.083,55.6,1.556
31.417,77.2,1.571
59.833,109.7,1.805
64.083,51.2,1.508
40,89.1,1.658
29.083,93.9,1.755
3,15.7,0.96
45.333,52.1,1.608
54.833,90.5,1.82
26.75,56.2,1.618
72.5,95.2,1.772
19.5,74.5,1.774
70.417,82,1.777
2.5,13.1,0.897
39.5,99.3,1.697
3.0833,14.9,0.958
25.083,147.2,1.677
47.333,87.4,1.787
6.25,23.9,1.232
62.583,105,1.559
13.417,65,1.668
79.5,56,1.618
79.417,94.5,1.823
27,70.8,1.6
41.917,80.4,1.732
48.917,124.1,1.684
15.75,49.4,1.487
8.4167,29.5,1.31
66.417,70.5,1.542
50.333,90.9,1.717
2.4167,13.8,0.893
62.25,84.5,1.633
14.583,52.7,1.567
41.083,72,1.6
36.75,161.7,1.83
56.917,62,1.718
65.083,84.5,1.857
12,30.1,1.402
17.583,77.8,1.834
67.417,114.6,1.79
62.5,129.3,1.728
2.5,11,0.848
78.667,63.6,1.577
40.333,91.2,1.761
20.167,96.5,1.775
49.25,69.8,1.619
3.8333,17.9,1.008
12.917,54,1.522
71.167,60.3,1.705
75.333,96.7,1.621
3.3333,14.3,0.991
10.667,31.1,1.452
23.75,78.4,1.557
19.833,90.2,1.931
2.3333,14.3,0.925
11.833,46.2,1.566
13.917,42.7,1.547
72.667,66.6,1.712
43.167,77.2,1.595
65.167,76.1,1.669
55,86,1.691
3,15,0.955
4.0833,21.5,1.038
41.75,84.1,1.706
60.833,84.4,1.843
63.083,120.5,1.905
16.5,46.3,1.61
77.333,92.6,1.683
30.083,55.9,1.633
32.667,51.1,1.476
15.333,42.8,1.523
34.75,63,1.637
43.333,110.2,1.798
58.25,96.9,1.689
11.75,52.9,1.558
65.583,80.4,1.626
16.833,141.4,1.778
50.833,89.5,1.635
14.167,68,1.746
28.167,68.1,1.502
53.417,62.7,1.681
36.75,82.7,1.614
23.333,69,1.703
18.75,50.5,1.558
16.583,65.9,1.814
21.667,77.7,1.813
19.667,70.5,1.5
45.5,93.7,1.636
20.583,84.8,1.838
11.083,32.9,1.392
14.167,54,1.624
10.75,32.1,1.421
13.667,50.3,1.587
63.583,95.5,1.589
58.75,78,1.713
67.833,93.6,1.721
38.25,69.8,1.729
19.917,103.5,1.783
60.583,90,1.827
24.167,75.6,1.811
12.083,46.9,1.617
16.5,66.9,1.572
9.25,43.2,1.419
73.75,54.3,1.634
39.333,74.9,1.758
64.25,106.3,1.82
61.917,49.3,1.53
2.5,11.9,0.905
39.25,72.5,1.637
16.75,56,1.488
46.75,146.4,1.722
57.417,48.6,1.452
55.083,99.3,1.605
41,79.2,1.684
7.3333,25.1,1.24
34,113.5,1.854
21,106.6,1.815
38.917,65.7,1.698
50.917,89.2,1.772
25.917,119,1.711
38.25,92.8,1.802
62.917,87.7,1.776
71.083,88.8,1.612
7.6667,43.3,1.315
19.833,73.5,1.829
51.417,88.1,1.772
47.167,87.2,1.898
4.25,16.6,1.06
65.5,73.3,1.702
9.9167,32.2,1.302
72.5,110.9,1.699
4.1667,17.1,1.011
59.083,63,1.621
40.083,67.3,1.58
2.5833,13.1,0.924
2.8333,14.6,0.977
73.25,94.6,1.804
71,94.6,1.631
6.1667,22.6,1.188
23,54.4,1.564
39.583,102.2,1.596
24.333,71.7,1.717
38.25,132.1,1.791
38,128,1.875
11.333,47,1.57
14.25,56.9,1.492
24.75,93.5,1.775
5.8333,16,1.024
60.25,68.1,1.59
79.833,87.2,1.833
2.5833,11.5,0.871
65.417,74.6,1.559
10.167,29.4,1.356
12.333,69.2,1.495
24.667,55.1,1.563
52.417,80.8,1.616
37.583,66.3,1.58
55.083,89.8,1.79
51.5,94.5,1.817
47.583,90.1,1.729
27.333,65.1,1.677
15.167,69.2,1.883
46.083,120,1.897
68,75.9,1.793
33.75,161.5,1.83
16.75,53.3,1.729
8.6667,25.3,1.281
11.583,56.1,1.504
9.75,29,1.359
22.417,76.9,1.61
69.25,62.3,1.757
52.583,85.7,1.602
21.917,62.6,1.654
2.75,19.3,0.992
47.5,141.3,1.893
31.5,81.3,1.818
64.833,109.1,1.636
43.25,70.1,1.568
32.417,84.8,1.746
39.5,72.5,1.679
12.667,52.9,1.682
20.75,60.5,1.701
3.0833,15.1,0.97
17.417,71.1,1.738
77,84.7,1.754
27.25,81.8,1.803
60.167,76.9,1.502
35.917,89.5,1.848
50.667,131.6,1.928
4.0833,18.6,0.973
6.3333,20.3,1.183
22.417,85.8,1.716
32.083,60.5,1.594
16.667,50,1.58
18.833,76,1.78
17.083,48.7,1.657
50,82.4,1.714
19.417,90.8,1.852
53.25,83.1,1.778
10.833,32,1.448
67.5,128.3,1.802
39.333,73.9,1.601
23,50.3,1.495
63.667,70.3,1.548
4.5833,23.5,1.135
22.833,80.3,1.821
48,102.7,1.698
5.9167,27,1.216
20.917,58.7,1.636
18.583,54.1,1.712
55.583,73.2,1.646
31.083,86.5,1.57
63.5,65.5,1.757
35.5,96,1.557
2.9167,12.6,0.926
17,109.7,1.77
2.4167,17.1,0.909
6.3333,24,1.192
36.667,115.5,1.816
43.083,58.7,1.605
12.333,55.9,1.54
37.083,111.4,1.918
11,60.1,1.48
29.917,80.2,1.782
36.083,65.7,1.665
76.5,77.3,1.585
29.5,110.6,1.825
37.25,84.7,1.933
70.75,90.3,1.581
24.333,65.8,1.594
31.667,52.3,1.545
9.3333,19.9,1.18
30.583,73.3,1.683
33.25,82.4,1.713
64.833,80.5,1.797
71.917,66.7,1.71
75.417,103.1,1.553
60.417,103.6,1.768
15.417,83.4,1.614
7.5833,29.6,1.232
48.917,69.4,1.748
20.25,76.1,1.702
72.333,90.3,1.783
38.083,97.1,1.735
16.417,43.2,1.573
3.5833,18.6,1
11.25,49.3,1.486
6.5833,22.1,1.236
33.333,120.4,1.87
10.25,52.9,1.426
22,58.7,1.533
14.333,48.9,1.705
72.167,62.4,1.785
22.5,80.3,1.662
4.75,20.9,1.082
13.083,36.6,1.504
48.417,79,1.473
60.167,63.3,1.614
51.667,106.5,1.813
73,90.5,1.706
26.917,101.7,1.891
24.75,137.6,1.678
6.1667,19.4,1.119
6.3333,21.1,1.147
58,105,1.769
4.75,17.6,1.102
49,63.9,1.666
48.083,108.5,1.696
43.167,83.4,1.842
7.4167,23.3,1.216
47.833,81.3,1.551
68.833,111.7,1.731
39.25,83.3,1.637
56.5,80,1.681
17.667,83.7,1.811
7.9167,25.6,1.259
70.25,67.4,1.458
18.25,108.3,1.539
11.917,47.6,1.576
71.083,107.3,1.655
68.833,91.6,1.757
53.667,117.1,1.795
10.667,32.4,1.386
7,25.8,1.268
27.917,115.9,1.803
54.167,65.2,1.612
19.667,88.1,1.81
9.8333,38.7,1.445
49.917,97.2,1.767
6.6667,24.2,1.254
57,96.7,1.756
2.4167,17.1,0.971
52.083,76,1.679
74.25,103.5,1.581
18.917,87.6,1.76
77.75,74.3,1.569
22.333,69.4,1.752
11.083,61.1,1.502
45.917,106.3,1.723
19.333,116.7,1.793
48,91.7,1.665
2,16,0.92
11.167,45.2,1.565
10.583,25.5,1.362
72.583,70.5,1.556
51.75,75.7,1.729
14.167,81,1.778
7.75,20.2,1.168
34.917,118.2,1.696
17.667,63.5,1.662
46.417,70.1,1.598
29.833,63.4,1.604
60.667,53,1.583
32.833,67.8,1.749
42.333,152.4,1.688
17.583,60.4,1.759
11.167,33.5,1.376
18.917,58.6,1.663
51.583,68.5,1.765
61.25,77.2,1.798
10.583,35.7,1.388
55.25,81.5,1.66
16.667,86.6,1.504
31.417,89.6,1.892
67.083,145.6,1.78
47.417,71.2,1.658
76.833,102.2,1.803
11.75,62.9,1.542
25.667,97.6,1.722
50.833,105.6,1.822
12.333,72.4,1.496
56.833,63.4,1.741
53.417,83.4,1.644
65.583,64,1.527
17.25,82.6,1.659
55.333,73.4,1.622
37.167,89.6,1.891
25.667,71.5,1.682
8,25.6,1.254
32.833,107.3,1.759
10.917,38.2,1.476
42.667,121.2,1.861
68.917,110.9,1.889
4.0833,21.2,1.035
7.75,36.7,1.381
54.833,134.8,1.833
56.75,90.1,1.652
29.333,79.9,1.571
23.417,69.7,1.615
36.917,74.2,1.617
4.4167,24.2,1.11
47.25,84.6,1.773
78.25,89.9,1.727
9.0833,35.5,1.36
6,25.7,1.2
48.5,68.3,1.784
3.75,18.6,1.074
73.417,74.6,1.615
36.75,105,1.785
4.6667,17.9,1.054
12,65.7,1.65
61.833,93.3,1.55
3.0833,11.6,0.846
39.5,83.2,1.775
16.333,53.5,1.702
69.75,89.6,1.871
78.667,105.7,1.815
39.167,89.3,1.792
53.167,71.3,1.597
19.5,106.2,1.762
25,90.8,1.841
18.917,67.4,1.673
20.167,81.9,1.849
62.917,67.1,1.606
65.25,80.1,1.811
55.5,87,1.555
61.167,100.7,1.776
10.083,25,1.32
40.75,90.3,1.799
15.333,76.3,1.801
3,14.9,0.973
25.5,50,1.51
37.833,53.1,1.544
4.4167,16.1,1.015
17.5,75.8,1.814
18.5,68.6,1.743
7.0833,26.3,1.25
26.833,49,1.566
4.25,18.1,1.016
75.667,69.4,1.706
9.5833,33.8,1.417
50.833,77.3,1.693
71.167,74,1.763
53.25,99.9,1.726
72.083,53.6,1.684
47.333,61.1,1.686
5.0833,18.9,1.116
4.75,16.2,1.032
28.333,111.9,1.727
33.417,124.3,1.868
67.75,71.1,1.565
57.083,68.9,1.538
62.333,70.9,1.568
15.083,51.3,1.593
17.833,85.3,1.847
72.833,78.6,1.731
37.417,73.5,1.555
33.5,86.3,1.794
50.167,69.8,1.526
9.75,43.6,1.38
18,61.9,1.711
10.25,34.8,1.433
9.8333,31.6,1.359
7.5,36,1.327
8.1667,25,1.298
65.083,106.6,1.736
62.5,78,1.709
42,71.5,1.731
21.417,94,1.807
26.583,69.1,1.742
23.583,112.1,1.799
57.083,93.1,1.707
52.417,62.1,1.642
25.083,47.5,1.594
59.333,64.6,1.712
60.083,88.3,1.734
17,55.3,1.638
32,84.1,1.809
64.083,88,1.837
21.25,79.8,1.7
20,65.9,1.682
9.3333,27.5,1.331
4.0833,19.5,1.079
50.75,86.2,1.548
74.083,123.8,1.675
62,74.5,1.654
50.917,70.7,1.712
26.583,64.3,1.788
6.3333,18.8,1.12
59.333,85.4,1.882
12.583,49.2,1.568
11.75,40.3,1.477
39.25,100,1.745
72.083,63.4,1.502
6.75,29,1.212
75.5,73.8,1.61
4.5833,20.2,1.118
11.25,62.1,1.539
7.8333,33.6,1.306
13.917,63.3,1.711
66.167,62.5,1.613
39.583,65.9,1.615
16.5,63.9,1.626
39.667,63.6,1.484
8.8333,35.9,1.344
27.583,102.8,1.657
55,61.8,1.489
67.333,82.2,1.641
27.083,71.7,1.734
27.083,101.7,1.818
77.167,53.7,1.429
15.917,43.3,1.544
16.917,50.7,1.655
2.1667,13,0.853
61.167,76.2,1.564
62.167,83.5,1.692
18.75,48.3,1.561
6.6667,37.2,1.194
56.5,72.3,1.698
72.333,67.7,1.521
43.583,104.5,1.793
78.667,55.6,1.695
2.5833,12,0.868
42.5,94.5,1.744
8.5,28.4,1.384
17.25,65.9,1.579
72.167,88.2,1.774
26.083,53.1,1.496
8.9167,46.3,1.547
54.583,56.2,1.621
6.3333,21,1.158
28.667,61,1.618
74.25,78.1,1.681
6.3333,20.8,1.154
27.75,57.2,1.748
61.5,90.3,1.728
10.333,37.8,1.372
32,76.6,1.571
52.083,65.3,1.666
32.417,58,1.503
57.25,105.4,1.653
18.25,64.2,1.742
21,79,1.649
4,15.1,1.002
46.5,61.2,1.448
54.5,61.7,1.561
28.167,69.9,1.821
2.5833,15.1,0.998
4.5833,18.1,1.108
14.25,44.7,1.512
9.3333,26,1.226
20.083,75.5,1.703
6.5833,24.7,1.306
40.25,72.2,1.679
42.417,69,1.611
55.5,82.1,1.645
54.083,62.5,1.499
8.5833,27.1,1.31
7.5,20.3,1.17
61.25,69.3,1.709
7.75,26.2,1.237
53.083,93,1.898
14.25,94.4,1.659
16.833,53.2,1.624
10.083,59.8,1.38
29.167,72.1,1.732
54.25,104.4,1.781
55.25,59.7,1.508
27.25,70,1.612
63.583,98.6,1.825
49.583,78.1,1.752
19.25,97.8,1.794
30.667,86.1,1.813
60.25,61.6,1.607
5.0833,20.1,1.141
2.25,12.3,0.877
14.5,48.9,1.565
46.833,52.1,1.565
37.167,81.3,1.688
39.5,97.7,1.914
16.5,62,1.611
33,97.1,1.655
58.083,78.2,1.745
79,68.9,1.601
33.75,72.8,1.672
57.583,105.3,1.812
52.667,66.8,1.651
3.3333,20.3,1.048
52.667,120.1,1.682
16.417,79.6,1.596
41.75,87,1.752
42.333,65.6,1.726
36,147.1,1.887
62.5,95.7,1.618
7,19.8,1.219
6.5833,20.8,1.141
13.917,54.5,1.679
55.75,102.4,1.799
22.25,62.4,1.851
5.5,19.9,1.126
12.583,40,1.546
73.667,65.9,1.712
9.4167,35.2,1.285
43.833,59.8,1.498
16.833,94.3,1.717
32.5,70,1.628
8.0833,31.1,1.366
8.9167,55,1.387
60.083,103.1,1.672
16.417,65.9,1.749
40.75,82.6,1.799
17.833,63.8,1.63
58.417,115.9,1.583
39.583,62.7,1.657
16.833,74.7,1.541
13.75,103.2,1.713
43.25,115,1.785
16.167,50.5,1.575
2.1667,12.5,0.846
21.583,102.5,1.949
66.667,60.7,1.773
30.417,84.8,1.549
3.6667,16,1.016
38.083,66.8,1.639
62.833,91.1,1.702
71.083,45.2,1.595
27.5,70.3,1.681
8.1667,28.6,1.326
19.417,76.4,1.759
47.667,62.1,1.698
32.25,83.7,1.839
48.917,118.3,1.75
10.667,31.1,1.392
25.833,63.3,1.794
9.8333,59.8,1.53
19.417,103.2,1.784
60.75,70.8,1.747
9.6667,38.8,1.456
74.083,95,1.756
26.917,80.8,1.833
19.583,62.6,1.81
19.75,76.1,1.784
3.3333,14.7,0.987
69.167,85.9,1.699
52.75,81.5,1.747
16.333,64.5,1.798
20.25,81.5,1.67
24.917,60.4,1.721
40.917,131.7,1.959
7.5,22.1,1.249
6.25,23.4,1.191
7.1667,23.7,1.22
48.917,76.6,1.584
61.833,73.4,1.925
15.75,50,1.557
2,14.5,0.886
52.333,84.4,1.636
50.75,138.1,1.671
7.0833,30,1.275
2.75,13.8,0.932
72.167,66,1.499
4,14.9,0.984
44.75,70.6,1.571
59.083,97.7,1.515
34.417,58.5,1.601
4.5833,19.3,1.074
23.5,60.6,1.704
18.167,65,1.588
41.417,96,1.88
12.667,48.4,1.479
4.6667,16.7,1.021
48.917,109.6,1.646
56.333,111.1,1.926
45.917,44,1.593
2.5,11.2,0.848
41.5,77.2,1.737
61.083,70.3,1.667
9.6667,26.1,1.397
18.583,61.8,1.744
47.5,59.5,1.55
52.583,73.8,1.715
15.917,95.7,1.588
58.833,77.8,1.577
71.75,110.7,1.8
37,84.9,1.734
22.917,51,1.624
2,17.5,0.908
4.3333,24.4,1.152
62.583,73,1.653
29.417,116.9,1.858
50.417,67,1.717
63.833,58.8,1.574
74.083,91.3,1.738
45.667,87.2,1.608
72.583,56.3,1.651
50.417,70.5,1.729
15.083,47.7,1.565
38.75,74.3,1.546
38.917,70.9,1.48
44.75,81.3,1.859
55.417,73.2,1.598
53.25,93.7,1.792
56.75,81.8,1.657
33.333,81.4,1.751
30.5,57.1,1.572
34.917,90.9,1.781
6.5833,23.8,1.209
56.917,77,1.725
52,103.9,1.785
15.75,68.8,1.801
8.8333,30.1,1.303
6.4167,30,1.228
75.167,95.3,1.826
65.917,64,1.514
38.25,86.6,1.744
21.917,58.5,1.694
18.417,78.1,1.703
33.833,75.9,1.668
63.417,72.1,1.759
38.833,66.6,1.548
61.917,76.5,1.739
2.8333,12.6,0.859
61.417,69.5,1.61
13.583,49,1.528
32.083,66.2,1.51
13.75,55.1,1.612
43.75,77.8,1.816
76.25,87,1.661
44.583,60.7,1.658
2.3333,17.1,0.946
47.5,105.6,1.784
33.75,88.3,1.694
9.75,28.3,1.38
16.25,50,1.614
47.25,87.6,1.747
59.417,56.5,1.659
35,71.8,1.472
36.333,105.8,1.807
55.5,92.6,1.836
8.9167,32.5,1.298
2.3333,12.1,0.874
71.75,94.3,1.594
7.25,37.4,1.341
67.75,80.3,1.696
13.25,49.5,1.568
43.75,62.1,1.654
60.917,67.2,1.856
51.5,89.8,1.842
77.5,84.9,1.693
33,89.1,1.506
67,83.4,1.669
23.083,78.9,1.809
69.917,76,1.781
22.167,56.1,1.495
28.917,74.1,1.582
27.333,65,1.634
3.75,19.1,1.02
69.333,58.8,1.66
31.167,77.1,1.597
45.833,93.9,1.904
6.75,23.4,1.269
44.167,63.5,1.658
50.5,63.9,1.607
21.333,75.1,1.657
11.917,57.2,1.557
29.5,104.6,1.622
54.917,74.9,1.675
2.0833,12.4,0.854
2.5833,11.1,0.895
64.667,72.1,1.592
46,161.7,1.714
21,51,1.579
18.25,55.4,1.689
17.25,85.4,1.806
7.9167,23.3,1.237
51.167,76.2,1.684
56.833,81.6,1.623
8.9167,25.8,1.263
19.667,58.9,1.63
26.5,95.5,1.706
74.083,85.1,1.763
23.083,80.6,1.598
74.833,112,1.835
32.333,73.4,1.583
72.667,117,1.601
66.167,106.1,1.734
18.167,57.9,1.626
46.417,84.1,1.577
11,36.6,1.41
2.5833,15.1,0.906
7.0833,19,1.073
35.667,92.6,1.574
41.667,87.1,1.886
2.3333,14.6,0.923
27.667,73,1.75
43.917,83.3,1.87
24,88.1,2.027
50.667,91.4,1.636
26,118.4,1.727
66.417,84.8,1.625
38.667,104.7,1.477
39.667,114.3,1.845
25.75,122.9,1.72
10.917,27.8,1.35
79.333,53.4,1.535
39.833,76.2,1.835
30,81.8,1.868
35.25,71,1.636
4.0833,13.3,0.95
38,60.9,1.497
56.167,108.1,1.781
40,61.5,1.537
76.5,77.3,1.64
51.25,91.1,1.607
68.667,84,1.56
40,110.8,1.795
23.583,63,1.706
3.8333,15.5,1.009
53.583,113.6,1.766
27.5,65.3,1.766
62.083,112.9,1.715
74.833,111.4,1.774
62.333,76.1,1.443
52.583,68,1.496
74.583,77.7,1.687
30.75,75.4,1.782
51.083,64.9,1.716
77.75,78.1,1.696
63.917,70.8,1.778
2.6667,15.5,0.996
40,62.1,1.796
10.083,27.4,1.329
7.6667,20.1,1.196
23.583,115.7,1.823
45.167,86,1.558
48.917,64.6,1.748
44.667,88.7,1.718
56.917,92.7,1.624
29.667,75.7,1.649
64.833,85.5,1.707
19.917,78.1,1.789
28.167,79.9,1.689
28.833,133.2,1.696
41.167,63.9,1.47
37.333,122.9,1.815
19.833,40.8,1.579
44.583,124.4,1.665
79.333,75.3,1.694
62.25,88.1,1.748
22.833,98.9,1.879
31.25,94.5,1.683
40,117.4,1.75
12.667,60.6,1.829
61.833,81.2,1.682
9.5,48.4,1.35
38.583,79.4,1.719
53.667,114.7,1.862
45.167,125.5,1.685
25.917,110.8,1.652
52.667,73.6,1.757
46.083,134.4,1.825
22.25,74.7,1.766
16.25,57.6,1.763
27.083,69.7,1.76
24.5,129.3,1.784
14.583,43.6,1.556
15.5,119.4,1.77
31.083,49.4,1.599
25.583,66,1.613
42.333,70.8,1.603
19.167,62.2,1.707
62.833,78.2,1.817
61.667,76.2,1.701
46.75,76.2,1.683
29,93.1,1.597
19.5,65.3,1.739
72.667,46.7,1.517
10.833,29,1.359
71.417,67.1,1.59
14.917,56.2,1.739
44.25,89.4,1.571
75.667,63.3,1.712
6.4167,23.5,1.23
28.583,75.6,1.743
67.167,91.7,1.637
76.083,52.3,1.563
29.833,98.3,1.836
18.083,74.3,1.637
38.333,108.2,1.777
65,98,1.76
76.417,68,1.687
56.083,75,1.444
48.083,56.4,1.672
14.083,43.5,1.531
9.9167,30.9,1.367
33.917,105.1,1.942
34.583,68.4,1.869
14.833,54.4,1.548
17.833,64.7,1.575
61.333,121,1.762
41,87.5,1.648
64.083,110.2,1.663
61.083,91.1,1.641
78.667,59.7,1.518
17.75,48.6,1.504
62.5,95.8,1.677
5.4167,21,1.094
24.333,98.5,1.734
4.3333,18.7,1.069
65.167,104.3,1.528
49.167,67.7,1.632
5.0833,17.4,1.039
56.583,103.4,1.856
52.333,109.4,1.831
57.417,76.5,1.702
71.75,106.4,1.597
4.5833,22.7,1.135
70.667,99.3,1.787
36,57.8,1.561
70.333,131.3,1.696
13.75,49,1.669
2.8333,16.7,0.981
56.833,66.3,1.606
56.5,87.2,1.772
3.5833,18.1,1.051
29.667,60.6,1.714
66.833,112.8,1.828
2.4167,12.4,0.905
53.833,108.4,1.751
71.833,95.5,1.647
50.083,105.4,1.779
2.1667,12.3,0.882
76.833,94.1,1.838
56.833,75.9,1.605
21.917,81.3,1.858
70.75,60.6,1.512
32.167,98.5,1.717
53.833,91.6,1.762
50.25,141.7,1.839
31.333,88.2,1.605
6.6667,20,1.156
2.0833,14,0.908
45.25,82.4,1.707
66.917,107.2,1.783
47,93.8,1.713
53.25,65.4,1.667
31.583,94.2,1.783
31.667,77.9,1.545
17.417,58.3,1.683
73,71.7,1.612
13.833,51.4,1.704
7.75,26.6,1.243
42.25,96.5,1.674
6,18.7,1.106
75.583,91.4,1.867
6.3333,20.1,1.169
3.75,18.1,0.998
3,16.4,0.972
31.667,86.5,1.821
45.75,81.9,1.806
29.5,68.9,1.697
48.167,116.3,1.712
5.75,33.4,1.207
43.833,96.3,1.84
6.3333,38.7,1.291
14.083,57.8,1.533
7.25,18.8,1.188
3.6667,15.6,0.969
44.75,87.2,1.782
28.75,71.7,1.641
64.75,76.9,1.656
25.75,55.9,1.523
2.5,13.7,0.913
42.083,84.5,1.815
19.5,60,1.617
45.917,129.2,1.734
4.5,19.7,1.107
42.083,92.5,1.943
28.917,91.7,1.853
58.667,72.5,1.682
78.25,86.4,1.701
58.417,94.9,1.851
75.833,95.2,1.649
59.667,89.5,1.729
73.917,102.8,1.677
66.917,77.5,1.773
74.25,92.5,1.891
68.167,48.5,1.666
18.25,60.9,1.801
68.417,88.3,1.68
2.9167,12.9,0.923
46.167,98.3,1.772
17.083,90.3,1.751
67.417,66.7,1.674
28.167,53.2,1.642
55.833,81.3,1.734
20.667,60.8,1.621
39.75,89,1.809
78.5,94.4,1.657
36.417,96.6,1.748
21.917,88.6,1.844
39.5,145.4,1.612
61.083,84.3,1.696
23.5,87.9,1.701
20.167,74.2,1.757
77.667,104.7,1.793
49.583,90.6,1.628
33.833,132.7,1.665
27.25,78.3,1.757
64.167,75.1,1.686
13.25,41.7,1.476
10.333,45.6,1.459
9.9167,30.8,1.369
48.417,52.8,1.591
61.583,72.1,1.765
34.167,99.4,1.789
64.5,71.4,1.606
41.833,116.8,1.603
35.833,61.2,1.695
55.75,101.4,1.704
24.167,67,1.724
64.667,155,1.892
2.6667,15.3,0.929
8.0833,36.9,1.311
17.667,67.5,1.724
19,76.8,1.826
2.6667,12,0.941
20.25,49.5,1.647
76.333,94.2,1.691
78.25,92.5,1.707
22,69.7,1.761
64.333,40.8,1.476
49.583,61.1,1.655
4.9167,23.4,1.149
40.833,72.2,1.699
71.917,79.1,1.598
8.9167,33,1.281
15.417,126,1.714
14.333,51.8,1.633
17.5,102.9,1.695
5.6667,21.5,1.169
18.667,69.1,1.791
53.667,64.6,1.619
6.4167,23.6,1.19
5.75,22.5,1.108
36,77.4,1.597
70.083,73.6,1.565
7.5,33.6,1.263
61.583,68.1,1.736
12.333,34.5,1.456
69,104.1,1.708
9.8333,51.4,1.502
39,65.9,1.735
14.167,88.9,1.623
56.667,78.5,1.623
22.917,97.2,1.714
32.917,90.3,1.815
61,92.8,1.75
8,25.1,1.182
65.083,49.5,1.591
29.5,87.7,1.643
12.5,61.2,1.605
2.9167,15.3,1
48.583,50.8,1.664
2.5833,11.5,0.872
79,118.9,1.69
31.667,79,1.72
49.167,111.9,1.907
70.083,70.6,1.679
20.417,90.5,1.854
17.833,64.7,1.687
13.167,59.6,1.653
29.083,99.3,1.612
39.417,121.7,1.673
51.333,76.3,1.51
3.8333,16.3,1.007
22.333,100.1,1.716
27.833,63.4,1.665
9.5833,51.3,1.468
14.75,66,1.687
39.667,51.6,1.538
49.333,92.7,1.731
27.083,66.8,1.657
30.583,89.7,1.727
64.583,105.4,1.776
48.917,77.4,1.682
13.5,81.2,1.642
25,78,1.801
8.8333,24.3,1.284
49.167,84.6,1.81
46.75,73.7,1.705
62.083,83,1.753
34.75,108.4,1.863
53.5,61.4,1.575
43.917,67.3,1.583
16.083,82.3,1.839
3.6667,16.1,1.015
78.667,70.7,1.634
18.667,54.9,1.624
23.083,104.5,1.864
51.417,176.2,1.828
33.75,117.3,1.578
46.083,105.8,1.804
17.667,64.6,1.539
9.9167,38.2,1.309
46.667,67.9,1.868
11.75,46.8,1.443
79.5,79.8,1.399
6.0833,29.3,1.22
41.917,115,1.76
40.583,77.7,1.766
8.1667,22,1.213
19.75,119.6,1.754
65.333,92.5,1.579
76.75,69.3,1.736
30.5,86.8,1.748
74.167,101.7,1.876
27.667,65.6,1.567
57.417,60.7,1.762
17.75,57,1.52
48.5,84.9,1.593
5.8333,19,1.131
19.083,54.6,1.666
15.833,54.4,1.663
56.833,84.4,1.609
35.083,76,1.731
53.917,89,1.763
68.667,89,1.627
37.917,71.9,1.661
28.75,109.6,1.726
9.6667,30.2,1.354
17.417,69.3,1.605
56.917,57.3,1.712
48.583,71.5,1.679
17.417,61.6,1.794
4,15.3,1.002
70.083,101.1,1.78
25.5,95.9,1.673
10.583,27.3,1.297
2.3333,13.5,0.893
61.083,62.2,1.52
53.417,66.5,1.63
30.167,154.5,1.683
28.083,112,1.813
79.833,65.5,1.517
40.5,64,1.747
44.583,69.3,1.874
33.083,91.7,1.744
16.5,107.9,1.771
13.667,47.9,1.558
21.75,72.1,1.698
57.25,83.9,1.847
30.917,100.1,1.61
44.667,57.2,1.562
5.75,19.7,1.136
26.417,70.6,1.611
71.5,73.2,1.502
7.5833,24.3,1.27
23.083,63.7,1.623
21.75,77.8,1.53
73.167,77.2,1.603
7.3333,35.4,1.359
29.667,78.8,1.737
58.75,62.3,1.566
21.5,71.1,1.909
14.417,57,1.62
3.4167,14.2,0.903
22.5,72.1,1.842
17.917,64.5,1.635
3.4167,15.4,0.939
9.1667,41,1.407
49.75,108.2,1.626
63.833,73.7,1.64
65.667,69.6,1.69
58.5,57.7,1.509
12.75,60.5,1.472
43.5,62.6,1.543
42.167,85.3,1.691
6.3333,19.4,1.128
61.167,53,1.493
42.917,93.6,1.847
39.417,82.9,1.72
15.833,57.6,1.705
71,76.9,1.717
40.25,84.6,1.741
56.917,93.8,1.767
33.167,85.7,1.755
67.833,69.1,1.603
7.0833,21.7,1.187
5.4167,21.2,1.101
28.917,41.4,1.635
48.917,83.5,1.743
14.25,63.6,1.681
52.75,89.6,1.807
9.6667,36.4,1.29
37.833,171.4,1.825
7.1667,22.8,1.246
72,94.3,1.774
69.333,127.4,1.726
38.417,83.1,1.754
30.833,114.3,1.664
11.583,29.8,1.327
13,64.9,1.565
4.0833,16,1.017
65.583,64.9,1.646
14.5,43.2,1.592
30.583,101.2,1.785
15.917,42.6,1.711
9.6667,27.5,1.303
73,137.8,1.818
67.083,80.4,1.694
7.75,34.4,1.255
5.25,16.8,1.074
7.25,37.1,1.254
77.083,70.8,1.639
76.75,72.6,1.802
44,96.9,1.715
54.333,88.7,1.788
21.75,62.9,1.727
46.917,59,1.514
37.083,76.4,1.774
12.333,62.3,1.607
61.667,93.1,1.705
11.5,59.6,1.557
44.917,95.4,1.716
57.5,99.7,1.811
57.333,104,1.8
9.0833,31.4,1.367
68.333,63.4,1.498
41.583,86.6,1.658
35,82.1,1.775
53.167,106,1.975
8.4167,57.7,1.442
2.5,13.6,0.902
23.417,65.5,1.638
16.167,97.9,1.798
31.667,82.7,1.602
12.5,65.2,1.648
26.083,82.7,1.853
2.5,16,0.928
19.417,65.4,1.707
46.583,77.3,1.787
16.083,69.9,1.747
77.167,127.5,1.816
71.083,66.3,1.525
47.083,79.9,1.695
62.833,104.9,1.864
72.083,78.4,1.753
40.917,115.9,1.885
29.833,53.5,1.59
50.083,66.6,1.654
47.417,45,1.411
11,34,1.587
9.5833,35.3,1.476
19.417,59.6,1.707
43.333,73.1,1.667
45.583,55.4,1.73
47.583,86.2,1.678
71.333,96.6,1.776
61.417,87.7,1.766
43.083,80.9,1.671
18,60.5,1.777
60.5,66.3,1.736
19.333,81.2,1.786
52.083,83.7,1.764
29,99.2,1.73
48.333,69.1,1.653
15.167,120.4,1.764
59.333,115.7,1.863
41.083,79.8,1.847
33.75,116.4,1.727
54.917,126.2,1.76
9.25,41.3,1.438
56.417,145.6,1.871
52.417,93.7,1.837
36.25,61.6,1.495
5,21.6,1.145
60.667,91.9,1.69
18.167,52,1.638
54.75,58.5,1.598
15.833,54.3,1.596
2.6667,13.2,0.914
72.417,83.9,1.662
45.667,102,1.917
30,77.3,1.717
53.667,92.8,1.746
77.75,92.1,1.725
4.5833,15.4,1.016
19.917,64.3,1.562
41.583,91,1.874
9.8333,69.4,1.443
47.667,74.3,1.566
53.917,66.5,1.509
77.667,98,1.676
2.8333,17.5,0.962
10,46.1,1.419
44.333,70.5,1.552
15.583,76,1.771
5.25,21.5,1.073
9.6667,37.8,1.376
54.417,126.7,1.751
69.75,116.9,1.588
50.833,62.7,1.557
55,105.9,1.92
55.167,80.3,1.723
9.4167,27,1.319
23.333,63.4,1.8
3.0833,16.1,0.929
53.917,106.5,1.755
49,141.1,1.781
15.5,56.5,1.7
74.5,86.6,1.659
60.667,97.3,1.677
12.167,46,1.572
17.75,49,1.601
29.583,99.4,1.666
29.583,76.5,1.832
6.5833,22.5,1.176
58.333,84.2,1.57
36.083,145.1,1.885
65.917,69.5,1.651
62.333,68.4,1.613
6.5833,19.5,1.137
28.583,121.8,1.915
3.25,18.2,1.037
31.25,97,1.749
45.833,99.1,1.696
28.833,100.8,1.697
57.083,76.4,1.585
48.5,113.6,1.693
54.917,81.3,1.757
61.333,104.4,1.647
36.333,67.6,1.803
42.583,70.8,1.693
32.75,65.5,1.753
64.083,85.2,1.641
53.75,66.2,1.581
62.333,88.8,1.719
16,47.1,1.606
76.333,66.6,1.684
11.583,34.8,1.353
50.25,73.9,1.683
10.75,33.4,1.438
51.083,79.2,1.574
30.417,83.6,1.81
63.75,83.6,1.788
20.25,52.6,1.503
8.1667,28.3,1.321
48.417,72.3,1.666
70.167,103.8,1.743
50,76.5,1.56
43,115.7,1.808
29.75,64.5,1.611
61.417,70.4,1.664
43.417,94.1,1.62
57.167,115.8,1.773
59.167,98.5,1.757
65.583,86.4,1.609
31.5,75.1,1.798
21.667,46.4,1.581
52.75,67,1.584
25.417,124.1,1.811
10.167,43.9,1.52
25.083,75.8,1.55
8,19.2,1.215
23.417,88.8,1.718
38.417,122,1.69
25.417,46.9,1.583
45.5,103.9,1.87
43.833,112.1,1.95
48.917,98.7,1.717
47.333,114,1.66
44.167,92.8,1.744
76.5,71.1,1.617
39.917,100.8,1.703
77.667,65.2,1.692
53.417,89.6,1.74
43.25,84.8,1.659
33.667,102.7,1.766
21.5,56.4,1.658
48.833,82.1,1.792
17.917,77.8,1.773
71.333,93.6,1.802
54.083,73.8,1.699
36.333,80.6,1.815
11.167,37.2,1.488
42.417,63.7,1.55
56.333,94,1.872
61.167,92.1,1.511
4,22.4,0.994
38.333,86.6,1.735
56.25,72.4,1.51
74.417,71.6,1.665
8.0833,24.3,1.204
71.083,114.2,1.594
23.167,71.3,1.665
31.333,56.4,1.628
24.083,78.8,1.664
11.167,93.2,1.531
26.5,52.2,1.531
21.917,67.3,1.786
4.75,16.3,1.058
4.1667,18.9,1.079
11.417,29.7,1.381
16.833,55.5,1.736
73.75,61.9,1.52
43.583,131.3,1.883
9.6667,30.7,1.276
5.75,38.6,1.279
8.9167,40.5,1.427
53,99.3,1.825
32.917,92.1,1.75
35.583,83,1.755
73.75,82.6,1.778
6.6667,20.6,1.226
32.167,109.5,1.833
61.417,74.2,1.588
50.083,75.7,1.715
50.5,91,1.77
21.167,66.9,1.761
30.25,70.4,1.74
7.6667,27.3,1.325
32.583,85.1,1.636
79,71.9,1.783
12.167,51.5,1.54
36,88,1.726
62.667,65.1,1.533
4.5833,21,1.11
8.5,48,1.387
11.417,41.6,1.538
20.75,70.3,1.734
10.75,35.7,1.407
57.5,73.4,1.606
57.917,95,1.784
6.4167,23.3,1.21
3.25,16,0.986
9.9167,70,1.617
18.333,41.5,1.545
38.417,124.4,1.883
2.5833,11.8,0.866
40.083,92.4,1.803
16.167,62.6,1.626
40.167,64.8,1.643
48.417,93.1,1.802
5,19.5,1.05
26.5,65.1,1.677
62.5,85.5,1.768
10.667,32.8,1.494
14.667,66.8,1.713
28.5,128,1.75
17.417,55.8,1.526
37.417,73.9,1.641
32.75,113.9,1.887
62.083,114.3,1.818
9.6667,24.7,1.275
65.333,66.7,1.762
41.083,67.8,1.653
9.9167,34.8,1.323
58.75,56.3,1.755
4.8333,26.3,1.183
14.417,51.5,1.523
45.667,104.9,1.774
49.667,76,1.561
15.75,56,1.501
7.1667,28.2,1.244
34.583,92.8,1.796
23.5,94.2,1.692
50.667,83.8,1.862
58.167,92.3,1.752
14.583,104,1.59
12.833,68,1.669
16.75,71.4,1.783
6.5833,23.5,1.198
16.5,58.6,1.569
6.3333,21.1,1.165
61.833,90.8,1.754
2.5833,15.9,0.901
79,77.4,1.696
48.083,102.1,1.784
78.167,66.8,1.735
35.25,67.4,1.795
43.833,56.1,1.659
75.333,74,1.659
10.5,46.2,1.463
41,109.3,1.733
33.5,85.4,1.62
17.167,72.7,1.727
15.583,72.3,1.629
22.417,77.3,1.792
21.333,65.2,1.689
14.75,56.4,1.58
76,82.6,1.814
23.25,69.1,1.7
28,78.2,1.763
8.8333,43.1,1.374
6.9167,27.7,1.326
32.583,122.6,1.642
40.667,83.1,1.771
62.417,76.9,1.684
36.333,77.9,1.726
8.9167,28.8,1.323
43.083,105.3,1.996
47.75,81.7,1.723
79,58.4,1.567
73.75,83,1.802
11.917,80.4,1.676
13.417,44.5,1.557
20.75,51.9,1.645
48.5,88.8,1.738
12.75,42.9,1.389
69,53.7,1.567
3.25,16.5,0.959
40.75,59.6,1.599
12.5,52.7,1.522
46.75,74.9,1.836
15.5,73.6,1.719
74.333,58.3,1.471
39.5,85,1.634
62.167,76.9,1.696
63.167,79.2,1.564
68.667,79.9,1.772
5.6667,25.6,1.244
7.3333,24.7,1.182
36.833,106.5,1.758
50.667,91.7,1.768
5.8333,16.3,1.072
60.75,67.6,1.603
46.333,70.3,1.673
68.917,63.5,1.752
9.9167,42.8,1.497
41.667,108.7,1.787
36.917,124.4,1.82
60.75,95.3,1.679
19.167,78.2,1.738
22.417,99.7,1.532
53.417,69.6,1.797
18.167,90.8,1.752
43,104.6,1.61
62.917,94.9,1.744
48.917,63.3,1.687
13.5,68.6,1.615
11.25,36.2,1.449
6.75,21.3,1.129
10.333,32.2,1.411
37.667,69.2,1.609
11.667,43.2,1.503
52.333,82.1,1.627
46.25,85.1,1.559
6.0833,19.3,1.168
15.917,53.7,1.615
60.5,87.4,1.699
41.75,78.7,1.679
54.833,66.6,1.683
77.25,59.9,1.758
68.333,98.6,1.807
72.417,69.4,1.66
32.833,70.2,1.752
47.917,81.2,1.77
79.5,90.8,1.544
60.75,61.7,1.531
53.667,82.4,1.759
49.5,75.9,1.81
39.5,75.6,1.675
25,112.2,1.627
69.583,106.6,1.537
25.833,110,1.778
9.5,39.8,1.453
64.5,91.8,1.635
5.3333,26.1,1.148
22.167,74.5,1.804
29.75,68.5,1.689
31.75,82.9,1.59
73.833,99.6,1.653
61.083,68.3,1.479
38,57.1,1.626
50.25,107.3,1.708
7.8333,26.3,1.22
42.417,60.7,1.669
68,57.3,1.635
7.5,23.8,1.187
21.5,67.5,1.596
41,70.9,1.629
27.667,90.3,1.748
3.9167,18.9,1.064
50.5,121.1,1.887
51.5,57.9,1.627
59.083,102.9,1.697
46.75,90.3,1.726
13.75,61.8,1.722
76.083,50.1,1.572
10.083,54.6,1.555
49.417,116.6,1.813
34,100,1.584
16.75,76.7,1.613
32.167,125.5,1.897
15,101.8,1.766
38.75,54.3,1.573
19.417,69.4,1.704
36.333,118,1.888
30.5,120.8,1.853
76.167,89.4,1.511
57,109.1,1.805
48.25,88.5,1.827
65.583,89.3,1.818
10.333,45.3,1.498
19.833,55.2,1.624
45.333,105.9,1.838
51.5,85.7,1.624
74.583,82.5,1.727
46.25,105.8,1.728
49.667,69.7,1.508
45.25,49.9,1.569
63.083,97.5,1.719
75.25,111.6,1.655
52.083,80.1,1.8
46.833,76.2,1.717
55.167,90.6,1.778
23,61.2,1.8
55.667,77.5,1.717
13.833,65.5,1.582
74.583,69.9,1.729
54.75,81.4,1.712
43.583,69.9,1.553
67.417,65.8,1.556
69,71,1.597
38.917,87.5,1.791
50.333,103.4,1.776
49.5,124.2,1.845
7.6667,46.5,1.384
5.25,19.5,1.128
14.083,64.7,1.68
14.25,62.6,1.686
15.5,88.9,1.602
56,82.9,1.905
10.917,45.5,1.46
21,75.5,1.88
77.667,108.3,1.642
30.75,56.4,1.495
70.083,95.9,1.908
75.083,95.1,1.761
38.167,62.5,1.618
7.4167,22.2,1.166
8.75,64.9,1.403
40.5,95,1.674
48.667,58.8,1.765
4.8333,17.2,1.026
4.25,15.4,1.01
5.1667,21.1,1.238
4.8333,17.2,1.042
48.333,70.3,1.655
32.75,70.4,1.871
15.333,46.6,1.666
50.583,57.9,1.623
56.25,78.9,1.824
75.083,78.5,1.77
4.0833,15,0.975
10.75,33.6,1.437
36.5,97.6,1.699
37.25,64.3,1.613
4.4167,17.3,1.068
10.917,41.4,1.469
33,71.3,1.724
39.5,105,1.764
69,90.5,1.712
23.833,88.6,1.725
2.5833,15.6,0.924
31.583,63.5,1.637
53.417,63,1.576
51,70.7,1.634
66.25,68.8,1.758
75,92.5,1.847
67,81.2,1.674
50.25,84,1.576
67.833,74.5,1.635
47.083,85.7,1.685
28.5,94.2,1.771
35.583,90,1.717
11.25,43.3,1.483
35.917,73.3,1.778
18.833,85.4,1.719
45.833,83.9,1.64
12.5,56.7,1.554
71.417,74.6,1.603
53.5,87.5,1.637
71.25,93.9,1.754
11,83.6,1.731
33.167,79.4,1.637
20.417,54,1.646
45.917,123.5,1.886
64.25,108.8,1.658
28.417,52.8,1.564
7.5833,21.9,1.179
11.333,56.7,1.51
48.917,139.1,1.83
56.583,71.6,1.829
49.25,86.5,1.676
16,63.6,1.628
9.4167,47,1.407
52.083,119.9,1.757
8.8333,29.4,1.33
29.583,134.3,1.661
66.25,68.6,1.586
74,79.8,1.663
3.6667,16.1,0.991
69.333,98.5,1.704
61.25,68.4,1.535
57.333,93.9,1.763
52.417,73.9,1.656
51.75,79.7,1.767
30,89.8,1.735
65.917,65.8,1.637
3.9167,20.8,1.141
55.083,71.7,1.757
7,22.2,1.214
68.583,69.4,1.623
13.75,45.1,1.673
78.833,91.5,1.606
12.667,51,1.653
35.583,59,1.673
54.167,84.4,1.812
61.833,59.7,1.448
75,76.7,1.666
14,54.5,1.727
3.9167,14.4,0.988
75.5,80.7,1.654
23.917,106.8,1.88
22,69.2,1.644
25.417,98.8,1.556
46.083,82.9,1.807
26.833,105.1,1.75
46.917,87.1,1.835
73.667,55.4,1.502
53,63.7,1.595
66.667,81.5,1.5
60.167,75.9,1.644
15.75,66.4,1.728
20,72.1,1.78
34.667,75.6,1.711
2.5,15.3,1.018
77.083,79.3,1.732
34.417,125.3,1.643
23.5,108.1,1.666
35.833,108.5,1.9
58.167,84,1.553
75.75,81.2,1.697
17.75,70.1,1.621
15.167,59.7,1.585
16.75,71.2,1.813
67,86.1,1.73
6.9167,20.9,1.146
59.083,74.4,1.788
55.5,72.6,1.67
41,106.7,1.575
76.583,94,1.67
63,74.4,1.595
45.333,80.4,1.74
61.417,67.7,1.576
73.833,82.5,1.579
64.583,93.5,1.624
15.167,105.9,1.789
44.083,61.8,1.444
68,92.7,1.678
70.833,91.7,1.702
17.5,66.1,1.609
74.167,72.5,1.745
29.917,100.1,1.578
13.5,41.7,1.452
37.417,106.9,1.705
7.5,29.5,1.216
62,84,1.548
14.25,42.3,1.595
39.917,101.3,1.87
49.333,81.3,1.539
27.917,86.8,1.645
11.75,39,1.411
59,76.8,1.676
19.583,58.7,1.6
13.917,45.1,1.633
26.667,91.8,1.786
63,103.3,1.634
2.75,13.3,0.923
57.667,86.4,1.806
38.333,75.3,1.752
3.9167,17.2,1.003
7.6667,22.1,1.212
45.417,179.3,1.653
79.167,81.7,1.594
46.917,95.5,1.715
62.417,103.6,1.871
37.5,98.2,1.55
34.333,67.2,1.661
60.333,67.4,1.635
22.833,75.6,1.793
63.417,101.1,1.638
70.083,61.3,1.589
35.5,88.3,1.653
44.417,58.2,1.739
37.417,86.8,1.786
59.333,103.7,1.729
28.083,90.4,1.79
45.25,64.9,1.633
31.5,59.8,1.574
39.25,75.5,1.503
66.167,57.6,1.633
26.5,70.3,1.64
68.917,72.7,1.592
51.167,66.2,1.602
55.833,83.6,1.718
31.417,122.5,1.719
64.833,103,1.798
70.25,79.5,1.594
7.5833,21.1,1.213
7.75,32.3,1.257
57.75,46.3,1.607
63.083,74.3,1.742
46.333,61.2,1.496
14.917,55.8,1.612
2.5,14.7,0.952
18.083,66.9,1.591
29.083,109.4,1.809
59.583,107,1.782
3,16.8,1.016
6.75,28,1.255
6.25,36,1.308
21.25,37.9,1.481
74.833,71.9,1.623
35.75,74.4,1.764
78.417,63.4,1.777
62.5,73.4,1.578
61.75,89.2,1.595
52.833,80.5,1.682
6.25,24.5,1.159
59.417,70.6,1.777
11.333,37.7,1.494
4.25,15,1.028
41.167,49.7,1.543
2.1667,13.5,0.876
11.167,38.4,1.418
34.667,80.6,1.819
50.583,75.5,1.705
74.75,80.3,1.714
51.333,77.7,1.83
48.25,44.7,1.652
72.25,89.3,1.841
10.583,32.5,1.43
49.5,101.6,1.75
42.833,59.1,1.705
8.75,22.1,1.253
16.583,62.1,1.691
28.75,60.1,1.613
41.333,106.6,1.652
64.417,70.3,1.563
54.417,52.7,1.543
45.667,66.1,1.545
10.583,33.4,1.35
38.167,84.6,1.806
14.75,64,1.597
70.5,66.6,1.79
5.4167,22.4,1.129
45,81,1.594
53.417,76.4,1.685
19.5,62,1.63
54.083,68.5,1.65
40.833,121.6,1.774
55.333,80,1.676
24.417,65.5,1.767
10.667,57.7,1.52
4.25,19,1.035
31.833,96.4,1.549
4,17.1,1.026
7.5,29.5,1.283
4.75,17.4,1.039
44.917,129,1.642
73.833,75.5,1.738
47.167,101.4,1.686
52.75,104,1.771
68,67.1,1.689
17.417,78.3,1.762
38.167,99.1,1.782
62.667,69.9,1.513
75,63.1,1.629
7.5833,24.4,1.23
9.1667,44.6,1.418
38.667,70.9,1.608
50.083,89.9,1.818
42.417,77.6,1.515
16.833,63.8,1.575
58.917,103.4,1.863
40.167,77.9,1.751
77.5,71,1.599
9.8333,26.4,1.414
13.833,51.1,1.551
5.5,30.5,1.214
68.25,93.9,1.771
15.417,55.1,1.694
70.917,84.8,1.667
58.333,87.7,1.616
61.25,91.8,1.804
33.917,64.5,1.604
10.417,32.7,1.374
40,119.9,1.88
24.75,71.8,1.751
12.417,44.2,1.589
47.417,54.6,1.532
20.167,50,1.629
72.917,64.5,1.631
20.583,86.8,1.76
68.167,69.3,1.603
3.5,12.2,0.925
7.9167,21.9,1.22
57,176.6,1.793
21.25,116.6,1.763
11.75,36.5,1.484
63.167,110.2,1.789
73.667,77.7,1.697
70.917,72.3,1.645
9,40,1.373
43.583,77.8,1.706
17.75,110.9,1.766
61.667,64.2,1.754
35.333,117.4,1.655
28.583,83.6,1.759
65.5,77.3,1.678
10,28.4,1.347
64.583,76.1,1.698
61.667,80.9,1.564
7.5,21.5,1.229
40.25,65.3,1.627
75.5,55.4,1.772
61.833,99.7,1.74
17.75,64.4,1.652
45.417,104.1,1.769
9,29.1,1.408
74.833,82.2,1.602
35.583,63.8,1.6
15.75,61.4,1.751
67,84.9,1.693
19.917,64,1.696
78.417,95.5,1.89
7.1667,28.8,1.272
14.083,55.8,1.58
53.917,77.9,1.674
72.75,56,1.495
58.75,123.2,1.791
8.9167,26.8,1.307
62.833,84.6,1.633
73,62.5,1.71
41.5,72.5,1.66
32.75,65.6,1.755
19.75,66,1.759
64.75,93.4,1.787
15.583,53.1,1.588
51.25,70.1,1.696
18.917,57.6,1.623
78.833,70.1,1.734
30.333,71.8,1.625
6.5833,25.2,1.212
40.25,89.6,1.735
47.333,76.4,1.707
71.25,74.2,1.697
66.167,80.3,1.602
10.917,35.9,1.553
28.083,75.5,1.752
60.917,93.3,1.658
15.5,59.7,1.581
43.75,91.5,1.68
12.583,36.9,1.57
68.167,71.7,1.643
15.75,100.3,1.818
26.25,54.6,1.685
3.1667,18.8,1.006
51.833,78.7,1.675
3.1667,13.7,0.965
19.583,56.1,1.636
30.333,50.1,1.652
45.917,66,1.494
4.3333,18.8,1.072
35.25,97,1.683
43.5,82.1,1.845
8.9167,35.9,1.444
18.583,89.1,1.655
22.667,72.3,1.693
5.3333,19.1,1.128
42.833,155.2,1.861
2.1667,13.2,0.87
70.583,87.2,1.725
33.417,80.7,1.665
17.083,49.6,1.521
47.25,83.8,1.479
11.583,50.5,1.511
54.75,56.2,1.753
2.75,12.2,0.884
72.417,87.2,1.75
74.5,103.3,1.788
65.417,110.5,1.803
33.333,75.2,1.727
66.25,65.4,1.467
44.083,51,1.654
32,73,1.696
72.667,74.4,1.456
14.083,49.7,1.492
15,68.9,1.749
42.5,96.5,1.763
64.583,93.9,1.656
11.167,63.9,1.513
11.917,59,1.533
76.25,93.3,1.77
60.583,76.3,1.744
35.75,105.8,1.818
79.167,103.4,1.793
15.583,54.9,1.602
62.083,120.9,1.606
32.417,95.5,1.724
26.083,71,1.736
10.333,38.8,1.45
48.75,59.7,1.724
25.917,80.6,1.588
2.0833,11.3,0.823
17.25,90.9,1.805
22.333,71.9,1.624
5.5,20.7,1.114
7.5833,22.6,1.252
3,15.6,0.935
57.5,88.5,1.801
53.833,66.6,1.784
10.667,42.5,1.37
8,30.6,1.216
12.5,42.5,1.49
68.833,114.6,1.614
3.9167,16.5,1.015
66,118.5,1.782
46,82.8,1.703
55.583,67.9,1.721
3.75,16.1,0.981
49,97.1,1.872
31.25,119.1,1.843
62.333,100.8,1.752
19.417,57.5,1.652
5.9167,23.5,1.173
76.583,83.6,1.8
8.9167,42.7,1.365
6.4167,22.7,1.225
13.75,82,1.644
44.417,76.6,1.702
16.083,59,1.648
3.3333,16.4,0.989
42.083,68.1,1.651
62.167,86.2,1.694
40.833,78.1,1.686
43.167,84.8,1.617
37.917,86.9,1.7
46.583,69.8,1.737
63.083,97.3,1.739
12.75,60.1,1.514
26.667,68.3,1.751
22.5,55,1.587
16.25,75.5,1.535
26.167,94.6,1.739
59.5,74.6,1.67
39.75,80.1,1.69
55,93.8,1.563
36.833,87,1.575
2.6667,12.4,0.931
22.333,112.1,1.785
72.167,72.6,1.669
20,239.4,1.9
27.667,56.7,1.66
19.5,97,1.681
14.417,61.8,1.62
8.0833,27.2,1.281
22.5,62.9,1.52
37.167,78,1.531
36.833,76,1.768
8.0833,25.5,1.237
46.167,130.7,1.74
67.917,78.8,1.785
34.5,63.5,1.635
14.417,41.8,1.592
69.167,76.4,1.67
14.333,80,1.675
14.333,79.1,1.582
12.167,39.6,1.554
76.583,83.1,1.59
42.833,53.5,1.538
8.9167,25.5,1.306
8.5833,47.6,1.356
58.833,90.2,1.719
42.833,84.1,1.759
58.583,101.7,1.77
3.8333,17.8,0.995
49.75,91.5,1.635
51.833,53.8,1.676
17.917,63.7,1.704
16.583,71.7,1.726
10.5,59.9,1.515
15,68.8,1.755
23.583,78.6,1.617
23.917,74.7,1.668
43,84.6,1.561
55.833,58.3,1.794
21.75,61.2,1.75
72.333,61.7,1.496
35.25,94.8,1.796
16.5,86.7,1.769
71.25,92.5,1.618
11,30.9,1.33
9.1667,44.7,1.348
60.25,73.3,1.564
53.833,105.9,1.727
18.083,82.5,1.796
5,17.4,1.054
42.083,84.4,1.756
43.917,72.5,1.746
4.0833,15.8,1.024
52.167,103.5,1.862
20.083,101.5,1.761
10.333,38.6,1.347
78.667,63.3,1.555
47.417,89.7,1.846
71.75,88,1.6
18.417,44.5,1.485
69.583,88.3,1.671
70.917,84.1,1.696
7.5833,30.5,1.217
23.583,70.8,1.695
10.75,49.2,1.476
60,55.8,1.447
25.083,58.9,1.531
64.917,65.5,1.776
54.417,79.2,1.702
17.417,45.6,1.522
11.833,39.1,1.464
47.583,64.7,1.437
40.75,77,1.682
71.667,44.5,1.485
54.667,129,1.757
11.417,36,1.451
4.5,15.6,1.01
54.917,78.6,1.847
19.5,91.3,1.675
67.5,60.1,1.629
5.1667,17.5,1.09
10.167,27.8,1.29
28.333,59,1.564
25.333,66.3,1.759
22.667,93.8,1.732
18.833,62.6,1.75
18.5,74.1,1.641
9.75,36.3,1.392
19.833,65,1.803
5.6667,20.5,1.178
39.417,170.2,1.584
44.667,121.5,1.839
12.667,77.1,1.81
7,22.7,1.25
65.833,80.6,1.746
59.417,73.3,1.549
42.083,114.6,1.671
5.1667,18.9,1.145
49.833,95.1,1.793
12.167,36.1,1.445
6.3333,23.8,1.206
10.083,34.3,1.446
41.583,79.1,1.784
37.417,97.5,1.658
28.75,76.2,1.662
13.5,55,1.665
72.5,88.6,1.73
16.5,99.3,1.784
72.75,111.9,1.92
28.417,77,1.723
60.583,74,1.538
19.833,94.4,1.874
56.083,145.7,1.817
13.167,29.1,1.479
25.333,72.6,1.764
48.333,63.9,1.663
46.917,64.1,1.67
47.583,82.6,1.706
51,108.9,1.805
49.25,53.7,1.707
32.167,85.7,1.641
23.25,89.6,1.848
31.917,88.7,1.612
64.417,53.1,1.696
15.667,76.6,1.695
11.167,54.5,1.548
26.917,103,1.799
38.75,122.1,1.833
47.167,75.2,1.717
54.25,143.2,1.806
71.583,88.7,1.854
23.833,71.4,1.72
26.25,78,1.643
23.5,51.6,1.569
12.5,50.4,1.634
21.25,99.3,1.765
77,78.3,1.662
36.417,82.5,1.821
40.25,145.2,1.797
12.833,65.4,1.682
7.75,25.9,1.27
63,88.7,1.766
61.667,54.8,1.623
43.917,101.8,1.773
28.167,80.7,1.778
28.333,74.8,1.72
4.5,21.6,1.147
20.917,63.8,1.539
37,109.9,1.684
53.25,100.5,1.706
58.333,80.1,1.776
3.75,18.8,1.022
39.5,62.1,1.662
30.167,95,1.618
24.667,81.1,1.609
17,53.9,1.654
6.25,18.5,1.129
56.167,87.4,1.584
28.25,74.3,1.885
35.417,66.5,1.709
73.75,66.6,1.508
50.25,78.1,1.769
78.167,80.9,1.7
39.167,88,1.585
35.083,83.2,1.672
32.667,73.1,1.571
75.083,54.1,1.663
64,107,1.877
49.5,70.2,1.603
65.083,65.2,1.564
48.5,74.6,1.713
13,89.6,1.549
3.0833,14,0.931
15.417,60.7,1.588
3.25,17.7,0.986
6.5833,22.5,1.187
24.75,66.7,1.808
2.5,12.5,0.89
71.583,76.5,1.729
28.333,58.2,1.639
18.75,90.4,1.828
47.5,94.5,1.628
8.8333,24.7,1.341
64.583,64.5,1.645
2.25,12.7,0.868
13.583,57.7,1.628
64.5,99.7,1.582
55.667,156.8,1.739
49.083,99.6,1.796
50.333,84,1.711
11.25,31.6,1.393
9.6667,64.3,1.553
2.1667,11.6,0.862
62,88.4,1.61
73.5,109.7,1.739
42.75,118.6,1.827
43.417,84.5,1.779
33.417,61.4,1.775
43.583,88.9,1.641
7.25,33.6,1.32
42.25,84.1,1.76
58.5,82.5,1.737
30.333,59.6,1.535
36.417,92.3,1.568
55.583,74.3,1.73
58.083,86.7,1.692
17,65.2,1.634
31.75,82.9,1.6
44.333,94.4,1.753
20.917,45.7,1.531
49,90.7,1.818
50.417,89.5,1.744
57.917,86.4,1.748
67.083,79.9,1.656
56.333,102.6,1.662
17.333,129.2,1.801
13.667,61.1,1.818
9.0833,52.5,1.384
4.4167,23,1.108
12.5,56.9,1.616
10,35.2,1.376
67.75,73.2,1.672
10.083,37.1,1.48
36.5,84.3,1.725
60.833,71.3,1.634
28.167,71.8,1.594
17.833,95.7,1.742
34.25,53.1,1.539
16.333,101.5,1.699
30.667,88.3,1.761
56.417,83.5,1.75
65.083,87.1,1.763
13.333,80,1.657
13.417,40.1,1.539
41.833,76.4,1.8
46.667,84.4,1.768
49.5,74.9,1.748
14.083,74.7,1.867
20.75,90.7,1.826
61.25,105,1.633
7.1667,30.6,1.304
50.75,104.4,1.754
71.083,77.5,1.676
7.5,20.2,1.168
3.0833,12.3,0.889
29.667,38.7,1.554
68,62.5,1.598
3.0833,16.9,1.022
51.167,79.5,1.756
78.083,78.7,1.592
17.25,127,1.722
12.167,57,1.589
47,53.5,1.559
74.583,77.2,1.46
45,123.7,1.606
4.9167,19.7,1.121
61.583,72.9,1.639
49.917,67.1,1.641
44.917,95,1.632
60.917,82.3,1.715
7.5833,23,1.234
16.583,62.7,1.659
70,75.1,1.596
66.333,70.8,1.694
37.917,100.5,1.672
5.75,19.4,1.134
54.667,96.5,1.898
75.917,70.2,1.501
21.833,56.6,1.745
69.25,97.6,1.787
66.25,91.4,1.698
39.417,98.6,1.638
32.667,96.9,1.751
57.583,88.4,1.769
67.75,63.1,1.584
49.25,99.2,1.789
43,89,1.852
10.333,42,1.47
75,46.5,1.533
61.917,82.9,1.775
47.667,60.3,1.648
29.167,78.8,1.686
69.333,100.5,1.77
38.25,74.8,1.626
45.417,59.8,1.674
30.583,47.8,1.494
63.167,47.7,1.632
42.25,72.7,1.712
65.75,72.4,1.722
10.667,57.9,1.43
67.25,73.8,1.681
19.5,120.1,1.825
41.917,75.4,1.608
58.25,72.2,1.505
11.667,36.6,1.376
68,108.9,1.684
65.417,101.4,1.647
60.917,54.5,1.564
34.25,84.3,1.823
64.417,98.7,1.733
4.5,16.2,1.053
59.833,82.3,1.684
65.583,63.3,1.645
7.75,27.2,1.289
61.083,101.6,1.618
38.25,191.1,1.865
17.417,51.5,1.63
29,96.1,1.783
14.5,33.9,1.414
2.0833,10.4,0.813
14.833,76.2,1.646
20,59.1,1.606
32.417,79.1,1.796
70.5,106.6,1.611
57.833,56.4,1.704
53.417,134.1,1.871
3.1667,16.5,0.991
59.333,54,1.722
50.5,83.6,1.62
62.833,85.3,1.592
24.083,65.8,1.785
6.75,16.1,1.12
11.5,49.6,1.617
5.5833,32.7,1.195
77.417,85.9,1.702
5.75,21.1,1.152
2.8333,14.2,0.932
26.833,63.1,1.762
53.75,69.8,1.615
28.083,124.4,1.95
39.583,86.3,1.712
4.1667,14.8,0.993
5.75,31.6,1.209
73.167,83,1.816
62.5,99.8,1.684
76,77.6,1.703
39.333,119,1.781
62.083,87.3,1.567
15.083,57.5,1.685
3.75,17.2,1.041
48.833,74.6,1.634
2.8333,10.9,0.896
44.417,52.6,1.622
35.167,78.3,1.748
29.917,55.4,1.728
12.417,61.8,1.512
51.417,103.8,1.757
61.917,101.8,1.798
19.917,76.9,1.757
26.083,85.5,1.86
50.083,102.7,1.843
7.25,22.3,1.181
2.3333,14.6,0.86
31.5,72,1.692
38.75,96.4,1.636
57.333,77.9,1.58
61.083,78.9,1.706
39.583,131.2,1.714
10.25,32.9,1.336
76.333,73.3,1.775
3.0833,18,1.033
41,91.1,1.693
11.083,46.8,1.581
17.833,75.1,1.726
20.333,146.8,1.699
7.5,40.3,1.292
45.583,86.1,1.718
2.6667,13.5,0.944
27.583,93.8,1.588
24.917,91.3,1.6
7.0833,22.1,1.213
68.083,102,1.755
4.3333,18.9,1.086
25.667,58.2,1.702
38.833,77.9,1.63
56.083,105.1,1.722
69.083,105.1,1.784
66.75,55.5,1.495
22.667,76,1.67
22.333,74.8,1.727
50.333,52,1.55
53.833,101.5,1.687
15.333,60.4,1.642
15.5,75.3,1.714
45.417,67.2,1.579
3.5833,14.2,0.959
3.6667,15,1.008
31,94.5,1.56
67.667,65.8,1.663
10,25,1.256
39.583,58.8,1.478
43.75,61.5,1.602
4.8333,16,1.041
40.083,103.6,1.679
15,52.5,1.698
12.75,82.9,1.631
45.25,59,1.717
2.8333,13.3,0.896
18.083,78.5,1.756
73.75,68.5,1.622
20.333,93.4,1.66
65.417,76.6,1.668
52.75,113,1.771
55.167,72.3,1.718
17.5,46,1.525
60.333,60.2,1.523
24.333,64.8,1.767
16.5,87.9,1.703
39.167,65.5,1.682
43.083,85.6,1.645
26.583,76.7,1.795
74.083,68.9,1.523
69.667,96.9,1.645
65.5,58.2,1.631
17.083,67.7,1.753
24.083,87,1.847
7,26.2,1.251
54,73.5,1.702
67.667,104.7,1.87
23.25,58.3,1.651
3,24.2,0.999
33.5,81.9,1.671
5.6667,21.7,1.111
51.417,64.8,1.695
37,92.5,1.627
55.333,72.2,1.708
22,95.5,1.861
5.1667,22.6,1.147
2.5,12.7,0.892
62.833,78.7,1.784
11.083,38.7,1.463
66.417,74.3,1.715
50.667,85.3,1.753
53.167,65.7,1.805
22.333,65,1.753
17.667,45.3,1.541
19.417,62.9,1.634
70.917,47.9,1.582
32.167,68.6,1.612
3.6667,11.7,0.953
28.583,93.2,1.866
43.167,89.3,1.844
10,50.5,1.43
60.083,61.2,1.634
72,68.8,1.62
4,15,1.014
3.0833,11.9,0.867
34.417,74.9,1.622
25.25,72,1.626
20.083,138.8,1.826
33.667,48.3,1.572
53.25,92,1.891
6.5833,18.4,1.144
2.1667,10.5,0.817
32,84.2,1.782
69.083,100.7,1.562
5.3333,16.6,1.082
75.25,67.5,1.653
4.5,17,1.074
62.417,83,1.766
68.667,56.6,1.711
42.417,76.8,1.629
21.333,78.1,1.819
49.667,87.4,1.771
26.083,105.5,1.826
30.25,103.9,1.843
49.417,108.6,1.656
24.417,83.1,1.579
14.167,48.3,1.653
11.667,32.8,1.424
6.25,20.2,1.149
31.833,63.8,1.656
7.9167,27.3,1.254
62.917,83.4,1.641
43.75,101.8,1.765
25.583,92.3,1.883
56.333,83.1,1.719
56.417,68.7,1.687
20.5,53,1.697
50.833,59.8,1.575
8.0833,29.6,1.249
51.917,101.3,1.775
4.0833,16.5,1.003
29.583,90.3,1.727
15.083,58.8,1.593
23,53.7,1.64
30.667,71.9,1.813
7.3333,24.5,1.288
49.583,77.1,1.726
4.3333,17.3,1.035
18.833,38.4,1.497
15.333,75.7,1.668
24.75,52.8,1.555
29.25,82.8,1.654
62.667,66.7,1.584
14.417,49.7,1.662
5.5,19.2,1.092
43.333,74.3,1.752
50,91.4,1.769
62.75,85.8,1.825
29.833,82.7,1.733
4.3333,16.4,1.072
22.25,68.4,1.756
5.9167,31.2,1.24
55.083,88.1,1.821
43.167,72.5,1.518
45.833,84.5,1.534
70.417,116.8,1.608
34,87.1,1.779
71.167,58.2,1.459
72,62.4,1.633
8.3333,35.1,1.314
52.333,77.6,1.508
46.25,66.9,1.795
21.083,51.6,1.651
48.917,71.2,1.68
60.5,99.3,1.695
46.833,74,1.683
30.583,109.1,1.726
8.0833,21.7,1.191
35.5,63.9,1.666
12.5,30,1.444
17.667,55.5,1.566
63.417,64.1,1.753
3.75,15.9,1.052
44.917,81,1.744
21.5,42.9,1.599
60.333,61.1,1.636
33.917,55.2,1.586
5.3333,16.4,1.056
51,69.9,1.676
35,63,1.654
5.4167,19.9,1.137
51.667,95.4,1.6
30.75,91.6,1.547
13.083,49.6,1.584
34.833,79.1,1.706
39.917,91.2,1.798
4.6667,18.1,1.121
40.833,91.3,1.889
39.667,173.1,1.834
48,69.1,1.554
21.583,70.1,1.747
67,89.3,1.782
75.667,70.6,1.774
4.5,19,1.053
67.833,130.3,1.623
7.0833,25.6,1.201
26.167,50.2,1.684
40.667,102.4,1.851
61.5,120.4,1.601
59.25,85.5,1.75
70.75,94.6,1.67
65,82.3,1.654
67.833,81.1,1.854
30.167,83.5,1.783
5.1667,18.5,1.084
42.583,85.1,1.66
71.5,74.7,1.68
4.0833,13.5,0.984
76.833,83.1,1.676
48.833,79.8,1.754
61.833,121.6,1.772
14.417,68.6,1.727
54.083,78.5,1.578
6.6667,22.5,1.203
4.1667,17.9,1.093
12.583,53.1,1.614
76.417,115.6,1.794
63.25,83.9,1.758
65.417,94.2,1.638
29.167,71,1.629
18.917,63,1.587
75.083,53.6,1.433
2.4167,12,0.896
13.167,58,1.653
40.917,79.8,1.778
10.25,37,1.416
32.583,77.4,1.631
72.333,98.5,1.776
39.833,57.5,1.669
58.75,82.9,1.839
10.083,60.6,1.453
9,26.4,1.214
30.167,81.6,1.862
29.417,120.4,1.854
5.8333,28.7,1.217
6.5833,29.2,1.165
6.9167,25,1.21
38.083,67.3,1.715
25.25,62,1.637
33,94.3,1.556
7.8333,31.9,1.332
46.417,87.3,1.742
8.4167,43.3,1.283
10.333,42.6,1.436
16.083,49.8,1.711
33.417,85.9,1.807
62.417,86.9,1.738
48.583,120.7,1.859
58.25,68.2,1.696
28.583,67.8,1.571
6.25,19.1,1.133
2.1667,11.2,0.856
45.417,73.1,1.645
47.333,89.7,1.54
25.5,43.3,1.542
19.583,95.1,1.674
46.25,87.2,1.615
67,53.7,1.719
71.917,97.3,1.643
60.417,95.2,1.718
64.25,89.7,1.689
8.5,22.8,1.236
57.833,80.6,1.668
49.833,143.4,1.606
71.333,96,1.617
46.917,83.5,1.628
78.833,61.4,1.744
72.667,83.8,1.709
76.917,85.4,1.708
32.5,63.4,1.642
32.167,70.5,1.886
44.667,76.5,1.702
7.8333,35.2,1.355
6.8333,21.5,1.187
39.167,104.5,1.647
64.417,82,1.543
46.583,84.7,1.564
8.5,33.9,1.335
4.25,19,1.035
47.833,87.8,1.582
42.25,88.5,1.689
5.0833,18.9,1.091
20.583,78.3,1.536
61.833,58.4,1.531
16.083,57.6,1.662
68.667,80.6,1.693
22.833,108.7,1.743
68.833,101.3,1.831
3.1667,16.5,1.016
51.833,91.8,1.763
53.417,90.8,1.921
69.333,72.4,1.485
41.5,64.4,1.567
40.083,111.1,1.567
50.167,64.9,1.584
3.4167,17.5,0.987
64.167,128.8,1.797
31.417,100,1.708
43.083,48.5,1.593
25,70.7,1.497
37.417,79.4,1.781
52.333,80.7,1.772
30.75,101,1.672
65.167,71.8,1.745
2.25,15.2,0.918
31.917,61.8,1.702
70.667,124.2,1.767
9,29.1,1.287
3.0833,15.5,0.955
41.583,80.9,1.841
9.8333,60.2,1.392
75.333,72.8,1.593
42,93.8,1.752
17.333,96.8,1.797
7,20.4,1.178
55.333,92.7,1.787
10.583,42.5,1.421
53.333,108.4,1.626
25.5,71.3,1.746
4.6667,17.7,1.055
28.667,96.9,1.848
41.917,70.3,1.564
54.75,68.4,1.746
69.833,74.3,1.681
47.167,75.3,1.779
78.833,93.3,1.765
18.25,73,1.588
31.75,139.9,1.879
37,78.7,1.658
72.333,71.2,1.618
10.083,36.1,1.406
8.5,26.3,1.3
70.333,83.7,1.776
10.917,38.6,1.374
34.167,89,1.822
65.417,100,1.752
44.75,90.4,1.674
46,93.9,1.702
62.333,95.9,1.812
27.583,154.5,1.703
51.167,70.4,1.681
8.75,25.7,1.263
23.667,88.5,1.754
28.833,51.3,1.564
49.25,67.2,1.699
26.333,88.7,1.807
56.583,115.3,1.737
18,48.6,1.628
62.167,77.7,1.688
7.4167,47.9,1.29
53.5,90.9,1.715
58.25,98.2,1.546
2.25,14,0.913
17.083,104.2,1.663
18.25,83.7,1.688
50,79.1,1.641
7.5833,21.9,1.202
51.5,51.8,1.696
29,79.7,1.851
75,109.4,1.829
23.917,53.3,1.609
62.75,92.4,1.697
46.167,196.6,1.522
60.25,90.1,1.64
61.083,60.3,1.687
69.5,110.3,1.595
4.5833,17.4,1.072
75.5,58.6,1.699
30,86,1.723
30.667,45.4,1.687
34.917,89,1.759
35.167,90.8,1.556
35.5,62,1.565
38.417,100,1.63
41.083,76.9,1.782
61.583,89.3,1.739
16.083,96.9,1.882
8.6667,27,1.334
44.417,60.6,1.609
24.25,65.8,1.621
64.917,108.2,1.72
3.0833,15.8,1.011
20.25,70.3,1.682
50.75,71.9,1.654
54.5,81.7,1.641
14.917,61.3,1.648
16.25,51.5,1.678
37.333,47.9,1.431
29.75,103.5,1.75
36.167,77,1.619
50.833,80.8,1.696
28,50.6,1.459
66.167,82.4,1.784
44.833,70.1,1.658
8.6667,24,1.317
63.167,109.1,1.855
68.083,83.3,1.743
40.667,68.1,1.6
52,91.7,1.658
11.333,31.1,1.417
40.333,66.2,1.729
35.917,78.1,1.754
56,85.5,1.572
43.833,80.2,1.782
55.167,102,1.759
60.917,88,1.671
38.667,91.1,1.691
49.667,56.8,1.696
63,118.5,1.783
13.25,57.3,1.59
15.833,71.4,1.784
55.833,105.1,1.803
37.667,97.2,1.693
49.833,50.4,1.622
8,41.5,1.295
19.75,96.9,1.651
34.25,75.9,1.649
59.25,83.1,1.749
9.9167,31.7,1.439
12.833,62.6,1.583
26.5,99.3,1.821
8.5,37,1.417
13.25,70.8,1.669
16.667,69.9,1.781
5.6667,31.3,1.146
8,31,1.348
25.583,158.6,1.694
10.167,42.4,1.509
57.417,70.7,1.663
39.917,63.4,1.602
54.667,56.9,1.75
28.25,92.2,1.764
19.667,61.4,1.566
74.417,109,1.55
24.583,84.2,1.737
21,84.4,1.686
43,86.7,1.75
57,69.2,1.507
61.417,97.1,1.809
11.417,36.8,1.506
40.5,117,1.713
32.833,70.8,1.771
66.417,84.5,1.677
23.417,60.5,1.512
58.75,61.4,1.606
12.083,51.5,1.512
56.833,68.3,1.523
38.5,102.2,1.644
48.833,63.3,1.731
9.6667,41,1.416
14.333,55,1.603
54.083,69.5,1.656
5.8333,24.1,1.173
10.917,43.9,1.48
42.167,85.3,1.645
46.833,97.4,1.795
61.5,94.8,1.62
75.5,61.9,1.743
17.083,76.4,1.621
2.1667,14,0.914
70.667,73.6,1.622
14.25,55.5,1.573
7.4167,23.6,1.29
73.167,78.9,1.708
74.417,89.2,1.681
10.667,45.5,1.528
30.5,94.3,1.679
6.25,27,1.204
2.3333,12.5,0.863
6.5833,19.4,1.164
8.3333,27.5,1.299
11.417,42.8,1.491
4,15,0.979
5.3333,17.6,1.123
8.75,20.5,1.27
39.417,96.2,1.668
18,51.4,1.636
74.333,91.1,1.732
39.417,108.9,1.883
22.667,74,1.85
43.417,51.5,1.565
3,13.4,0.896
40,84.7,1.756
33,64.7,1.704
11.583,39.9,1.539
52.333,67.7,1.742
11.917,32.5,1.396
24.167,61.2,1.655
53,60.6,1.574
7.5,35.2,1.293
20.167,112.7,1.826
46.083,124.5,1.693
39.583,113.2,2.017
64.417,60.1,1.586
36,66.4,1.635
51.083,184.7,1.86
62.25,131.9,1.689
13,47.4,1.565
5,18,1.118
13.083,33.1,1.505
3.25,16.9,0.927
20.083,47.5,1.601
44.667,76.9,1.581
35.833,146.1,1.673
48.75,78.5,1.854
40.667,66.9,1.573
60,91.8,1.644
42,71.8,1.64
18.25,90.3,1.906
5.25,19.1,1.137
4.5833,18.4,1.083
11,46.7,1.548
37.75,96.4,1.828
33.417,121.7,1.797
55.917,69.5,1.516
39.25,120,1.909
2.8333,15.3,0.997
26.167,105.7,1.8
43.75,54,1.57
11.917,51.8,1.564
23.417,102.7,1.564
21,100.5,1.704
36.833,87.8,1.807
12,33,1.435
11.75,52.9,1.641
29,79.2,1.579
16.5,142,1.824
50.75,131.4,1.832
43.167,143.3,1.823
50.167,81.5,1.681
47.333,84.6,1.665
69.75,68.7,1.589
2.8333,13.8,0.955
72.583,80.5,1.633
16.75,93.9,1.639
14,87,1.601
15.75,74.8,1.65
62.833,140.8,1.67
12.333,53.8,1.53
63.667,88.6,1.873
2.9167,14.5,0.906
2.25,13.2,0.863
14.167,41,1.555
76.667,71.2,1.663
17.667,94.6,1.823
16.333,68.6,1.765
31.25,60.5,1.589
41,64.3,1.61
53.25,138.8,1.849
52.167,91.3,1.688
67,77.2,1.638
51.667,81.2,1.745
6.6667,21.9,1.16
39.917,62.2,1.828
61.5,86.6,1.869
66.333,90.2,1.802
43.667,76.6,1.662
59.667,71.9,1.642
25.417,72.2,1.688
46.167,78.1,1.835
13.333,61.2,1.662
27.75,72,1.519
4.9167,20.6,1.125
70.417,74.7,1.666
30.583,63,1.584
40.833,102.8,1.883
10.5,63.6,1.517
76.583,69.8,1.858
31.75,102.2,1.706
3.8333,23.1,1.059
44.833,42.3,1.476
23.917,74,1.783
32.667,73.1,1.624
73.417,91.3,1.674
48.333,63.9,1.771
17,65.4,1.58
12.417,33.5,1.43
41.083,56.8,1.634
14.333,55.3,1.592
49.333,72.4,1.65
2.5,12.4,0.875
13,41.6,1.625
2.3333,14.7,0.929
21.583,67,1.764
11.583,56.8,1.434
11.75,56.3,1.436
6.8333,25.4,1.208
54.75,88.2,1.755
43.917,80.4,1.723
26.583,64,1.657
41.583,71.9,1.645
30.583,119.4,1.795
23.917,78.1,1.709
63.833,105.6,1.84
44.917,67.2,1.785
52.583,74.2,1.646
71.667,91.4,1.528
25.167,77.9,1.74
14.25,58,1.697
56.25,90.5,1.758
25.083,55.7,1.675
42.333,79.5,1.537
61.25,60.7,1.525
25.417,73.7,1.625
58.75,71.2,1.75
14.5,58.7,1.678
2.4167,12.6,0.845
62.583,55.7,1.486
56,79.3,1.603
11.167,38.6,1.469
37,109.4,1.791
30.333,85.6,1.748
15.667,56.8,1.633
22.917,50.1,1.616
28.583,77.4,1.791
37.583,62.2,1.606
55.083,75.3,1.731
25.667,83.5,1.79
68.167,81.5,1.726
50.417,121.8,1.848
7.5833,39.7,1.341
49.5,68.6,1.698
66.917,70.6,1.894
51.667,55.9,1.682
30.833,77.7,1.684
30.167,87.8,1.703
24.417,93.3,1.68
41.25,68.3,1.749
2.4167,13.7,0.911
21.417,61,1.569
47.75,87.9,1.724
19,64.3,1.705
14.25,57.2,1.733
24.167,111.1,1.935
15.167,48.2,1.572
45.833,61.4,1.509
26.583,110.5,1.551
19.5,57.1,1.664
40.5,81.5,1.704
61.333,47.9,1.508
60.75,80.8,1.634
29.083,67.4,1.697
61.5,91.6,1.727
66.667,98.4,1.9
7.75,24.9,1.31
6.75,21.6,1.146
35.25,68.7,1.776
51.583,66.3,1.625
11.917,52.8,1.573
18.667,57.5,1.626
4.5833,18.7,1.084
49.333,92.5,1.649
9,21.4,1.272
46.917,59.2,1.687
4.9167,16.6,1.052
10.75,39.9,1.397
73.917,63.4,1.788
57.083,108.9,1.772
10.167,39.7,1.519
14,74.8,1.795
22.917,53.5,1.646
75.333,104.8,1.859
5.3333,18.1,1.061
5.5,28.4,1.174
4.25,15.1,1.023
3.5833,17.5,1.042
45.583,89.3,1.797
17.667,42.6,1.545
9.6667,27.2,1.345
74.667,89.1,1.635
2.25,14.3,0.928
23.5,63.3,1.633
2.3333,13.9,0.91
66.167,101.1,1.738
3.75,12.9,0.97
50.25,136,1.674
45.667,97.4,1.787
40.833,73.8,1.673
73.167,93.7,1.48
10.667,62.2,1.511
5.1667,20.9,1.079
60.667,96.7,1.732
7.5,25.7,1.272
54.083,90.2,1.715
60.083,109.5,1.878
53.833,92.7,1.653
67.083,111.2,1.536
3.5,14.4,0.947
35.833,70.2,1.833
19.417,87.3,1.757
20.417,66.3,1.667
4.25,16.9,1.052
12.417,76.8,1.665
46.5,99.8,1.863
11.083,48.8,1.602
41.917,72.9,1.565
2,11.3,0.891
31.583,106.7,1.82
47,67.5,1.511
59.917,106.7,1.783
71.417,81,1.626
13.917,66.2,1.63
36.917,70,1.675
33,64.4,1.698
11.917,56.5,1.694
66,103.2,1.631
2.0833,13.9,0.904
50.417,108.4,1.878
18.25,46,1.597
2.75,13.1,0.948
10.75,45.2,1.493
64,82.1,1.716
2.8333,13.2,0.923
13.167,48.8,1.642
67.75,65.7,1.49
28.917,60.8,1.522
7.5,28,1.246
19.167,76.7,1.733
27.75,59.2,1.581
50.083,93.2,1.721
26.167,75.8,1.623
3.8333,16.9,0.988
73.667,69.6,1.617
9.0833,33.9,1.407
13.917,56.5,1.552
69.167,115.3,1.704
18.75,58.6,1.656
47.583,69.7,1.582
20.833,50.8,1.66
56.5,69.4,1.726
9.1667,37.6,1.352
43.417,120.4,1.755
60.333,84.6,1.869
56.25,73.5,1.799
6.4167,26.4,1.243
6.75,22,1.247
75.333,60.3,1.675
74.833,90.7,1.731
49.5,77.2,1.644
27.333,59.9,1.618
21.583,74.8,1.627
4.4167,15.5,1.019
76.583,90.1,1.585
35.25,65.3,1.421
4.4167,23.6,1.147
8.75,29.3,1.395
35,92.7,1.866
20.25,57.2,1.561
6.8333,25,1.161
70.5,66.6,1.712
31.583,77.5,1.658
8.75,25.2,1.248
4.1667,14.1,0.965
60.583,111.9,1.652
21.333,73.9,1.626
76.417,78.2,1.653
58.75,90.5,1.803
54,99.5,1.892
2.25,12.5,0.895
23.417,71.6,1.641
75.083,71.3,1.738
12.083,62.4,1.607
3.6667,17.8,0.997
69.667,79.5,1.702
38.333,72.9,1.74
3.25,14.1,0.954
59.75,71.4,1.634
12.833,39.8,1.57
43.75,93.2,1.759
30.25,75.2,1.713
22.417,68,1.681
58.333,53.7,1.479
7.6667,24.5,1.287
13,42.6,1.587
28,66.5,1.604
64.833,98.2,1.778
17.083,76.7,1.7
56.167,106.3,1.855
48.75,82.5,1.512
27.917,99.9,1.757
67.5,48,1.535
70.333,90.5,1.66
20.333,69,1.652
21.75,58.1,1.595
55.25,84.5,1.742
48.167,61.2,1.681
66.917,50.7,1.542
8.0833,20.2,1.147
52.25,143.6,1.79
33,94.3,1.635
27.5,57,1.643
75.75,75.1,1.627
63.583,71.3,1.573
